nid,strain_name,specie_id,specie_name,k
2745563,,,,
2955559,,,,
2895490,,,,
2845450,,,,
208452,Plasmodium coatneyi,208452,Plasmodium coatneyi,Eukaryota
381046,Lachancea thermotolerans,381046,Lachancea thermotolerans,Eukaryota
2992805,,,,
1379040,Halobellus ramosii,1379040,Halobellus ramosii,Archaea
2956474,,,,
2983299,,,,
2856608,,,,
1985327,Klebsiella virus PKO111,1985327,Klebsiella virus PKO111,Viruses
1921711,Bacillus virus Stahl,1921711,Bacillus virus Stahl,Viruses
2962064,,,,
1889240,Deinococcus rubellus,1889240,Deinococcus rubellus,Bacteria
2904790,,,,
2873270,,,,
2844212,,,,
2874284,,,,
1248330,Lactobacillus sp. PC121B,1248330,Lactobacillus sp. PC121B,Bacteria
2879427,,,,
5888,Paramecium tetraurelia,5888,Paramecium tetraurelia,Eukaryota
2869555,,,,
11676,Human immunodeficiency virus 1,11676,Human immunodeficiency virus 1,Viruses
2734126,,,,
497967,Hymenobacter tibetensis,497967,Hymenobacter tibetensis,Bacteria
2025079,Torchivirus A,2025079,Torchivirus A,Viruses
430679,Nitratireductor kimnyeongensis,430679,Nitratireductor kimnyeongensis,Bacteria
2942996,,,,
913970,Microviridae phi-CA82,913970,Microviridae phi-CA82,Viruses
2837969,,,,
2560590,Microbacterium virus Golden,2560590,Microbacterium virus Golden,Viruses
2734149,Synechococcus virus SSM1,2734149,Synechococcus virus SSM1,Viruses
2560400,Cronobacter virus GAP32,2560400,Cronobacter virus GAP32,Viruses
2696560,Aquirufa sp. 9H-EGSE,2696560,Aquirufa sp. 9H-EGSE,Bacteria
2733963,Prochlorococcus virus NATL2A133,2733963,Prochlorococcus virus NATL2A133,Viruses
50292,Cercopithecine betaherpesvirus 5,50292,Cercopithecine betaherpesvirus 5,Viruses
2720714,,,,
2895475,,,,
2955992,,,,
2560416,Enterococcus virus AL3,2560416,Enterococcus virus AL3,Viruses
2903629,,,,
2878678,,,,
2986823,,,,
231439,Pseudodesulfovibrio portus,231439,Pseudodesulfovibrio portus,Bacteria
2819098,,,,
2594496,,,,
2734089,Pseudomonas virus PaBG,2734089,Pseudomonas virus PaBG,Viruses
2734142,Dickeya virus JA29,2734142,Dickeya virus JA29,Viruses
2929491,,,,
2734085,Synechococcus virus AC2014fSyn7803C8,2734085,Synechococcus virus AC2014fSyn7803C8,Viruses
2886935,,,,
2954064,,,,
2955382,,,,
1535204,Metabacillus endolithicus,1535204,Metabacillus endolithicus,Bacteria
138184,Alcelaphine gammaherpesvirus 2,138184,Alcelaphine gammaherpesvirus 2,Viruses
2560834,Vibrio virus pTD1,2560834,Vibrio virus pTD1,Viruses
2894202,,,,
2590772,,,,
2861801,,,,
2946555,,,,
1211642,Caulobacter virus Magneto,1211642,Caulobacter virus Magneto,Viruses
2801918,,,,
28871,Taterapox virus,28871,Taterapox virus,Viruses
2899220,,,,
2956060,,,,
1848900,Streptomyces sp. ST1015,1848900,Streptomyces sp. ST1015,Bacteria
2735795,Chromobacterium sp. Beijing,2735795,Chromobacterium sp. Beijing,Bacteria
2906514,,,,
1147144,Enterobacteria phage HK225,1147144,Enterobacteria phage HK225,Viruses
2903960,,,,
2917724,,,,
555316,Phyllobacterium sp. T1018,555316,Phyllobacterium sp. T1018,Bacteria
1283077,Pelagibacter phage HTVC010P,1283077,Pelagibacter phage HTVC010P,Viruses
2956212,,,,
1442159,Streptomyces sp. 14R-10,1442159,Streptomyces sp. 14R-10,Bacteria
2878534,,,,
2978392,,,,
2722752,,,,
2955583,,,,
2845089,,,,
2929799,,,,
2840468,,,,
2904246,,,,
2828862,,,,
2980557,,,,
2886940,,,,
2830999,,,,
2841264,,,,
2942449,,,,
2846099,,,,
2968083,,,,
2955557,,,,
764562,Brochothrix phage BL3,764562,Brochothrix phage BL3,Viruses
2170064,Mahlapitsi orthoreovirus,2170064,Mahlapitsi orthoreovirus,Viruses
2911495,,,,
2932246,,,,
929833,Rhizobium phage RR1-A,929833,Rhizobium phage RR1-A,Viruses
253701,Zygocactus virus X,253701,Zygocactus virus X,Viruses
2866386,,,,
132604,Planktothrix pseudagardhii,132604,Planktothrix pseudagardhii,Bacteria
2734260,Salmonella virus Lumpael,2734260,Salmonella virus Lumpael,Viruses
85471,Plasmodium relictum,85471,Plasmodium relictum,Eukaryota
2855503,,,,
2879620,,,,
2933290,,,,
1632866,Alkalimarinus sediminis,1632866,Alkalimarinus sediminis,Bacteria
12262,Red clover mottle virus,12262,Red clover mottle virus,Viruses
1474867,Aureococcus anophagefferens virus,1474867,Aureococcus anophagefferens virus,Viruses
2867016,,,,
2856522,,,,
60877,Tonate virus,60877,Tonate virus,Viruses
2734104,Erwinia virus Derbicus,2734104,Erwinia virus Derbicus,Viruses
2779671,,,,
2810562,,,,
2883106,,,,
2953986,,,,
1660079,Campylobacter sp. RM12651,1660079,Campylobacter sp. RM12651,Bacteria
83544,Chinese wheat mosaic virus,83544,Chinese wheat mosaic virus,Viruses
2976335,,,,
2871165,,,,
29176,Neospora caninum,29176,Neospora caninum,Eukaryota
1986019,Simian mastadenovirus F,1986019,Simian mastadenovirus F,Viruses
1550733,Aquisediminimonas profunda,1550733,Aquisediminimonas profunda,Bacteria
2909249,,,,
2070759,Bacillus sp. MBGLi79,2070759,Bacillus sp. MBGLi79,Bacteria
181082,Emiliania huxleyi virus 86,181082,Emiliania huxleyi virus 86,Viruses
2884833,,,,
5062,Aspergillus oryzae,5062,Aspergillus oryzae,Eukaryota
1655645,Parabacteroides phage YZ-2015b,1655645,Parabacteroides phage YZ-2015b,Viruses
2986803,,,,
1389020,Agromyces marinus,1389020,Agromyces marinus,Bacteria
28288,Hyphantria cunea nucleopolyhedrovirus,28288,Hyphantria cunea nucleopolyhedrovirus,Viruses
2956048,,,,
2839024,,,,
2914159,,,,
1367435,Alcaligenes sp. DN25,1367435,Alcaligenes sp. DN25,Bacteria
10264,Pigeonpox virus,10264,Pigeonpox virus,Viruses
5833,Plasmodium falciparum,5833,Plasmodium falciparum,Eukaryota
588726,Kazachstania naganishii,588726,Kazachstania naganishii,Eukaryota
2955554,,,,
2876028,,,,
35128,Thalassiosira pseudonana,35128,Thalassiosira pseudonana,Eukaryota
2789208,,,,
2747931,Naples phlebovirus,2747931,Naples phlebovirus,Viruses
2944850,,,,
2962065,,,,
2734140,Prochlorococcus virus PSSM2,2734140,Prochlorococcus virus PSSM2,Viruses
2955561,,,,
2895496,,,,
53359,Dactylosporangium fulvum,53359,Dactylosporangium fulvum,Bacteria
2862880,,,,
2831893,,,,
2955234,,,,
2929489,,,,
2015370,Bat mastadenovirus C,2015370,Bat mastadenovirus C,Viruses
2822761,,,,
2843987,,,,
2029293,Squirrelpox virus Berlin_2015,2029293,Squirrelpox virus Berlin_2015,Viruses
2528593,Zhaonella formicivorans,2528593,Zhaonella formicivorans,Bacteria
2953984,,,,
1858,Frankia sp. ArI3,1858,Frankia sp. ArI3,Bacteria
2961597,,,,
186171,Mulberry dwarf phytoplasma,186171,Mulberry dwarf phytoplasma,Bacteria
2955726,,,,
2962597,,,,
755272,Micromonas pusilla virus 12T,755272,Micromonas pusilla virus 12T,Viruses
1582356,Sphingomicrobium aestuariivivum,1582356,Sphingomicrobium aestuariivivum,Bacteria
1882662,Borrelia sp. HM,1882662,Borrelia sp. HM,Bacteria
1960249,Suid gammaherpesvirus 3,1960249,Suid gammaherpesvirus 3,Viruses
2735562,,,,
181124,Marasmius oreades,181124,Marasmius oreades,Eukaryota
2955725,,,,
2809707,,,,
2899123,,,,
2956268,,,,
1814960,Streptococcus virus 9874,1814960,Streptococcus virus 9874,Viruses
2955602,,,,
2041525,Mycobacterium phage DaWorst,2041525,Mycobacterium phage DaWorst,Viruses
2734262,Faecalibacterium virus Oengus,2734262,Faecalibacterium virus Oengus,Viruses
101850,Thysanoplusia orichalcea nucleopolyhedrovirus,101850,Thysanoplusia orichalcea nucleopolyhedrovirus,Viruses
2817656,,,,
1923159,Hubei picorna-like virus 75,1923159,Hubei picorna-like virus 75,Viruses
2875729,,,,
76775,Malassezia restricta,76775,Malassezia restricta,Eukaryota
1922532,Beihai picorna-like virus 104,1922532,Beihai picorna-like virus 104,Viruses
2560628,Pectinobacterium virus CBB,2560628,Pectinobacterium virus CBB,Viruses
129956,Murine mastadenovirus A,129956,Murine mastadenovirus A,Viruses
624134,Escherichia virus SSL2009a,624134,Escherichia virus SSL2009a,Viruses
2779360,,,,
2932253,,,,
2789210,,,,
2955996,,,,
1563703,Agarivorans aestuarii,1563703,Agarivorans aestuarii,Bacteria
2955497,,,,
2764185,Lysobacter sp. CJ11,2764185,Lysobacter sp. CJ11,Bacteria
2733576,Proteus virus PM116,2733576,Proteus virus PM116,Viruses
1981020,Lactobacillus virus phiLdb,1981020,Lactobacillus virus phiLdb,Viruses
2795724,,,,
2830992,,,,
10683,Bacillus virus PBS1,10683,Bacillus virus PBS1,Viruses
2956234,,,,
2866311,,,,
2867238,,,,
2846605,,,,
1854498,Chryseobacterium nepalense,1854498,Chryseobacterium nepalense,Bacteria
2962673,,,,
2967300,,,,
2913506,,,,
1923688,Wuchang cockroach Virus 4,1923688,Wuchang cockroach Virus 4,Viruses
2820661,,,,
931100,Wolbachia endosymbiont of Oedothorax gibbosus,931100,Wolbachia endosymbiont of Oedothorax gibbosus,Bacteria
2992143,,,,
2956278,,,,
2843793,,,,
2583374,,,,
2704651,,,,
2903900,,,,
12637,Dengue virus,12637,Dengue virus,Viruses
1922247,Staphylococcus virus SEP9,1922247,Staphylococcus virus SEP9,Viruses
700220,Blochmannia endosymbiont of Camponotus sp.,700220,Blochmannia endosymbiont of Camponotus sp.,Bacteria
1606501,Pteronotus parnellii polyomavirus 1,1606501,Pteronotus parnellii polyomavirus 1,Viruses
2878153,,,,
2918899,,,,
2734254,Microbacterium virus Metamorphoo,2734254,Microbacterium virus Metamorphoo,Viruses
1873698,Pteropox virus,1873698,Pteropox virus,Viruses
2932773,,,,
2963433,,,,
413403,Vibrio rarus,413403,Vibrio rarus,Bacteria
1985183,Bacillus virus TsarBomba,1985183,Bacillus virus TsarBomba,Viruses
2898794,,,,
2976236,,,,
2856851,,,,
2952527,,,,
2953997,,,,
2853258,,,,
633135,Streptococcus virus phiAbc2,633135,Streptococcus virus phiAbc2,Viruses
2977321,,,,
2675331,,,,
2843896,,,,
2955738,,,,
2938695,,,,
2779359,,,,
1655644,Parabacteroides phage YZ-2015a,1655644,Parabacteroides phage YZ-2015a,Viruses
2895796,,,,
869888,Salinarchaeum laminariae,869888,Salinarchaeum laminariae,Archaea
1980471,Hantaan orthohantavirus,1980471,Hantaan orthohantavirus,Viruses
2920939,,,,
2981135,,,,
2898276,,,,
10261,Fowlpox virus,10261,Fowlpox virus,Viruses
699370,Thermus phage TMA,699370,Thermus phage TMA,Viruses
2932257,,,,
2560596,Microbacterium virus Pikmin,2560596,Microbacterium virus Pikmin,Viruses
2734251,Pseudomonas virus PMBT3,2734251,Pseudomonas virus PMBT3,Viruses
2881052,,,,
2850559,,,,
2933777,,,,
1850906,Catopsilia pomona nucleopolyhedrovirus,1850906,Catopsilia pomona nucleopolyhedrovirus,Viruses
2865838,,,,
2303411,Panax ginseng flexivirus 1,2303411,Panax ginseng flexivirus 1,Viruses
2867012,,,,
1980546,Cumuto goukovirus,1980546,Cumuto goukovirus,Viruses
2732697,Citrobacter virus CFP1,2732697,Citrobacter virus CFP1,Viruses
2927875,,,,
2898149,,,,
2991074,,,,
2954053,,,,
2955246,,,,
435905,Microbulbifer celer,435905,Microbulbifer celer,Bacteria
1993867,Mycobacterium virus Trixie,1993867,Mycobacterium virus Trixie,Viruses
2956015,,,,
1094892,Megavirus chiliensis,1094892,Megavirus chiliensis,Viruses
2733976,Pectobacterium virus PM1,2733976,Pectobacterium virus PM1,Viruses
2870563,,,,
5679,Leishmania panamensis,5679,Leishmania panamensis,Eukaryota
2886821,,,,
2845155,,,,
2867015,,,,
2933562,,,,
138118,Quatrionicoccus australiensis,138118,Quatrionicoccus australiensis,Bacteria
113370,Spodoptera frugiperda ascovirus 1a,113370,Spodoptera frugiperda ascovirus 1a,Viruses
2734044,Enterococcus virus EFP01,2734044,Enterococcus virus EFP01,Viruses
2934158,,,,
322009,Corynebacterium cyclohexanicum,322009,Corynebacterium cyclohexanicum,Bacteria
2955947,,,,
2733624,Pseudomonas virus shl2,2733624,Pseudomonas virus shl2,Viruses
1450746,Pithovirus sibericum,1450746,Pithovirus sibericum,Viruses
2846092,,,,
1922598,Beihai picorna-like virus 53,1922598,Beihai picorna-like virus 53,Viruses
2949637,,,,
2845095,,,,
2886361,,,,
130308,Human mastadenovirus E,130308,Human mastadenovirus E,Viruses
1567012,Clostridium phage phiCT453A,1567012,Clostridium phage phiCT453A,Viruses
2931930,,,,
68232,Streptomyces lusitanus,68232,Streptomyces lusitanus,Bacteria
12345,Bacillus virus GA1,12345,Bacillus virus GA1,Viruses
2934340,,,,
1785960,Ralstonia phage RSP15,1785960,Ralstonia phage RSP15,Viruses
1071379,Tetrapisispora blattae,1071379,Tetrapisispora blattae,Eukaryota
2844163,,,,
2953657,,,,
2968085,,,,
2781978,,,,
104388,Anatid alphaherpesvirus 1,104388,Anatid alphaherpesvirus 1,Viruses
253700,Schlumbergera virus X,253700,Schlumbergera virus X,Viruses
2867024,,,,
2918170,,,,
2733667,Klebsiella virus IME205,2733667,Klebsiella virus IME205,Viruses
2355,unidentified bacterial endosymbiont,2355,unidentified bacterial endosymbiont,Bacteria
2844148,,,,
2955956,,,,
4911,Kluyveromyces marxianus,4911,Kluyveromyces marxianus,Eukaryota
2560360,Burkholderia virus BcepNazgul,2560360,Burkholderia virus BcepNazgul,Viruses
2832500,,,,
2971235,,,,
942880,Rhodoluna sp. KAS3,942880,Rhodoluna sp. KAS3,Bacteria
2560849,Yersinia virus Yen9-04,2560849,Yersinia virus Yen9-04,Viruses
1984796,Salmonella virus SPN3US,1984796,Salmonella virus SPN3US,Viruses
2560833,Vibrio virus VP4B,2560833,Vibrio virus VP4B,Viruses
2926907,,,,
2968086,,,,
2745121,Orthopteran scindoambidensovirus 1,2745121,Orthopteran scindoambidensovirus 1,Viruses
2822846,,,,
1972685,Coot Bay almendravirus,1972685,Coot Bay almendravirus,Viruses
2935859,,,,
2940298,,,,
2907545,,,,
2879939,,,,
53362,Dactylosporangium vinaceum,53362,Dactylosporangium vinaceum,Bacteria
2937788,,,,
2895487,,,,
1981026,Escherichia virus YD2008s,1981026,Escherichia virus YD2008s,Viruses
2734114,Synechococcus virus Syn30,2734114,Synechococcus virus Syn30,Viruses
2979324,,,,
55395,Bradyrhizobium sp. NC92,55395,Bradyrhizobium sp. NC92,Bacteria
1982895,Streptomyces virus phiHau3,1982895,Streptomyces virus phiHau3,Viruses
251749,Phaeocystis globosa virus,251749,Phaeocystis globosa virus,Viruses
2067959,,,,
1965384,Erwinia virus Ea214,1965384,Erwinia virus Ea214,Viruses
2819100,,,,
2955535,,,,
2844659,,,,
2883998,,,,
2874628,,,,
574727,Bradyrhizobium sp. C-145,574727,Bradyrhizobium sp. C-145,Bacteria
1664033,Streptomyces sp. R527F,1664033,Streptomyces sp. R527F,Bacteria
96472,Thiothrix sp. CT3,96472,Thiothrix sp. CT3,Bacteria
353851,Mycoplasma sp. Ms02,353851,Mycoplasma sp. Ms02,Bacteria
2721545,,,,
2895474,,,,
2970818,,,,
2845407,,,,
93944,Nonomuraea gerenzanensis,93944,Nonomuraea gerenzanensis,Bacteria
1675862,Diatraea saccharalis granulovirus,1675862,Diatraea saccharalis granulovirus,Viruses
2961939,,,,
1653839,Borrelia venezuelensis,1653839,Borrelia venezuelensis,Bacteria
2878391,,,,
2938948,,,,
2560434,Erwinia virus EaH1,2560434,Erwinia virus EaH1,Viruses
1918006,Bacillus virus Bigbertha,1918006,Bacillus virus Bigbertha,Viruses
2560298,Arthrobacter virus Abidatro,2560298,Arthrobacter virus Abidatro,Viruses
1914899,Cronobacter virus CR9,1914899,Cronobacter virus CR9,Viruses
1922607,Beihai picorna-like virus 61,1922607,Beihai picorna-like virus 61,Viruses
190061,Fowl aviadenovirus A,190061,Fowl aviadenovirus A,Viruses
2908645,,,,
2845138,,,,
2738413,Acidovorax sp. YS12,2738413,Acidovorax sp. YS12,Bacteria
2590884,Shewanella sp. #4,2590884,Shewanella sp. #4,Bacteria
2509386,Horsefly horwuvirus,2509386,Horsefly horwuvirus,Viruses
2733604,Klebsiella virus KpV74,2733604,Klebsiella virus KpV74,Viruses
2878151,,,,
2911367,,,,
166056,Epinotia aporema granulovirus,166056,Epinotia aporema granulovirus,Viruses
292029,Staphylococcus virus G1,292029,Staphylococcus virus G1,Viruses
1586233,Halosiccatus urmianus,1586233,Halosiccatus urmianus,Archaea
2969247,,,,
2856555,,,,
299308,Methanofollis formosanus,299308,Methanofollis formosanus,Archaea
2955740,,,,
1922330,Vibrio virus VC8,1922330,Vibrio virus VC8,Viruses
2897333,,,,
1578925,Pyricularia pennisetigena,1578925,Pyricularia pennisetigena,Eukaryota
2964669,,,,
2749994,,,,
2955923,,,,
2843723,,,,
2899121,,,,
218111,Wolbachia endosymbiont of Corcyra cephalonica,218111,Wolbachia endosymbiont of Corcyra cephalonica,Bacteria
155537,Microscilla sp. PRE1,155537,Microscilla sp. PRE1,Bacteria
2782660,,,,
2946605,,,,
2934161,,,,
2846399,,,,
1883200,Escherichia phage Envy,1883200,Escherichia phage Envy,Viruses
2911537,,,,
2937790,,,,
2825844,,,,
2953890,,,,
311808,Arthrobacter sp. 68b,311808,Arthrobacter sp. 68b,Bacteria
2846161,,,,
2992244,,,,
2558174,Candidatus Hydrogenosomobacter endosymbioticus,2558174,Candidatus Hydrogenosomobacter endosymbioticus,Bacteria
2904129,,,,
1954379,Shigella virus EP23,1954379,Shigella virus EP23,Viruses
37128,Potato mop-top virus,37128,Potato mop-top virus,Viruses
2956041,,,,
2954063,,,,
1982374,Roseobacter virus RDJL2,1982374,Roseobacter virus RDJL2,Viruses
2918453,,,,
223390,Ancylobacter polymorphus,223390,Ancylobacter polymorphus,Bacteria
2169922,Escherichia virus HK542,2169922,Escherichia virus HK542,Viruses
2929798,,,,
10654,Rice tungro bacilliform virus,10654,Rice tungro bacilliform virus,Viruses
1920763,Pseudomonas virus LIT1,1920763,Pseudomonas virus LIT1,Viruses
33169,Eremothecium gossypii,33169,Eremothecium gossypii,Eukaryota
2956233,,,,
2734145,Synechococcus virus ST4,2734145,Synechococcus virus ST4,Viruses
2932258,,,,
1458716,Vibrio phage CHOED,1458716,Vibrio phage CHOED,Viruses
2856519,,,,
2899122,,,,
113608,Tetrapisispora phaffii,113608,Tetrapisispora phaffii,Eukaryota
432096,Kazachstania africana,432096,Kazachstania africana,Eukaryota
2864202,,,,
2845756,,,,
2954006,,,,
2966554,,,,
2989821,,,,
2895486,,,,
2844358,,,,
2973977,,,,
10288,Choristoneura biennis entomopoxvirus,10288,Choristoneura biennis entomopoxvirus,Viruses
2920934,,,,
190897,Vibrio gallicus,190897,Vibrio gallicus,Bacteria
202862,Streptomyces drozdowiczii,202862,Streptomyces drozdowiczii,Bacteria
5665,Leishmania mexicana,5665,Leishmania mexicana,Eukaryota
2852099,,,,
2560671,Pseudomonas virus Noxifer,2560671,Pseudomonas virus Noxifer,Viruses
1389960,Exiguobacterium sp. S3-2,1389960,Exiguobacterium sp. S3-2,Bacteria
2939494,,,,
2782629,,,,
2864203,,,,
2879846,,,,
865757,Photobacterium atrarenae,865757,Photobacterium atrarenae,Bacteria
2828763,,,,
2705471,,,,
2956318,,,,
2956145,,,,
2955842,,,,
31535,Pseudomonas virus D3,31535,Pseudomonas virus D3,Viruses
2928154,,,,
2895482,,,,
2942909,,,,
652810,Human papillomavirus type 85,652810,Human papillomavirus type 85,Viruses
2845157,,,,
2920382,,,,
2940299,,,,
2893471,,,,
64186,Streptococcus virus Sfi21,64186,Streptococcus virus Sfi21,Viruses
2956053,,,,
2977320,,,,
2929488,,,,
2906474,,,,
2806346,,,,
2734576,Salmon gillpox virus,2734576,Salmon gillpox virus,Viruses
2733367,Yersinia virus ISAO8,2733367,Yersinia virus ISAO8,Viruses
2872154,,,,
2845452,,,,
2734019,Escherichia virus swan01,2734019,Escherichia virus swan01,Viruses
2864204,,,,
458639,Bacillus phage 0305phi8-36,458639,Bacillus phage 0305phi8-36,Viruses
159183,Lymphocystis disease virus 2,159183,Lymphocystis disease virus 2,Viruses
1503041,Arcanobacterium pinnipediorum,1503041,Arcanobacterium pinnipediorum,Bacteria
1560342,Acinetobacter phage YMC13/03/R2096,1560342,Acinetobacter phage YMC13/03/R2096,Viruses
53522,Thermobifida alba,53522,Thermobifida alba,Bacteria
1914895,Cronobacter virus GAP31,1914895,Cronobacter virus GAP31,Viruses
754058,Vibrio phage PWH3a-P1,754058,Vibrio phage PWH3a-P1,Viruses
596995,Bartonella sp. TT0105,596995,Bartonella sp. TT0105,Bacteria
1920761,Shigella virus Sb1,1920761,Shigella virus Sb1,Viruses
746128,Aspergillus fumigatus,746128,Aspergillus fumigatus,Eukaryota
1643513,Treponema sp. OMZ 857,1643513,Treponema sp. OMZ 857,Bacteria
2956106,,,,
2909672,,,,
2955757,,,,
2956068,,,,
1981024,Lactobacillus virus Ld25A,1981024,Lactobacillus virus Ld25A,Viruses
2955942,,,,
396359,Clostridium phage phiSM101,396359,Clostridium phage phiSM101,Viruses
2901381,,,,
2907159,,,,
2851015,,,,
1982098,Pseudomonas virus PaMx11,1982098,Pseudomonas virus PaMx11,Viruses
2866626,,,,
181762,Psilocybe cubensis,181762,Psilocybe cubensis,Eukaryota
2844233,,,,
2847299,,,,
2890321,,,,
2861282,,,,
447588,Dechloromonas sp. A34,447588,Dechloromonas sp. A34,Bacteria
5127,Fusarium fujikuroi,5127,Fusarium fujikuroi,Eukaryota
2919598,,,,
754070,Tetraselmis viridis virus S20,754070,Tetraselmis viridis virus S20,Viruses
1755100,Fusobacterium gastrosuis,1755100,Fusobacterium gastrosuis,Bacteria
491893,Abalone shriveling syndrome-associated virus,491893,Abalone shriveling syndrome-associated virus,Viruses
265522,Hyposoter fugitivus ichnovirus,265522,Hyposoter fugitivus ichnovirus,Viruses
2956046,,,,
2843752,,,,
2982694,,,,
2857061,,,,
2954061,,,,
2980499,,,,
2846069,,,,
2956014,,,,
2991972,,,,
2939415,,,,
2937286,,,,
2989820,,,,
2953991,,,,
2845108,,,,
2954019,,,,
2864217,,,,
1081631,Candidatus Schneideria nysicola,1081631,Candidatus Schneideria nysicola,Bacteria
1435008,Citrus endogenous pararetrovirus,1435008,Citrus endogenous pararetrovirus,Viruses
2955318,,,,
1914897,Cronobacter virus CR3,1914897,Cronobacter virus CR3,Viruses
2880988,,,,
2956446,,,,
2895489,,,,
2878150,,,,
28425,Plasmid pWP113a,28425,Plasmid pWP113a,
2864211,,,,
2872652,,,,
2989817,,,,
374432,Methylobacterium tardum,374432,Methylobacterium tardum,Bacteria
1017351,Halobaculum magnesiiphilum,1017351,Halobaculum magnesiiphilum,Archaea
2909588,,,,
2945588,,,,
2955924,,,,
1918720,Cellulophaga virus ST,1918720,Cellulophaga virus ST,Viruses
2949664,,,,
2866384,,,,
2878535,,,,
2853227,,,,
2855434,,,,
2879938,,,,
1453760,Halovivax limisalsi,1453760,Halovivax limisalsi,Archaea
1074044,uncultured phage WW-nAnB,1074044,uncultured phage WW-nAnB,Viruses
2984843,,,,
2849641,,,,
2861285,,,,
198832,Vibrio pomeroyi,198832,Vibrio pomeroyi,Bacteria
2955844,,,,
2850494,,,,
671053,Thalassolituus marinus,671053,Thalassolituus marinus,Bacteria
2864206,,,,
1923486,Wenling crustacean virus 3,1923486,Wenling crustacean virus 3,Viruses
2268025,,,,
2560688,Pseudomonas virus nickie,2560688,Pseudomonas virus nickie,Viruses
2845463,,,,
1636200,Pseudoalteromonas phage H103,1636200,Pseudoalteromonas phage H103,Viruses
2949996,,,,
2871175,,,,
2704652,,,,
2952228,,,,
2986927,,,,
2738142,,,,
1980948,Arthrobacter virus Brent,1980948,Arthrobacter virus Brent,Viruses
2886377,,,,
2955429,,,,
333754,Alphapapillomavirus 10,333754,Alphapapillomavirus 10,Viruses
2879113,,,,
2745562,,,,
1921130,Listeria virus P70,1921130,Listeria virus P70,Viruses
98403,Drechmeria coniospora,98403,Drechmeria coniospora,Eukaryota
1750598,Dissulfurimicrobium hydrothermale,1750598,Dissulfurimicrobium hydrothermale,Bacteria
2819104,,,,
2793103,,,,
1172985,Mogiana tick virus,1172985,Mogiana tick virus,Viruses
2734108,,,,
2955533,,,,
2845430,,,,
2169973,Dickeya virus RC2014,2169973,Dickeya virus RC2014,Viruses
2938232,,,,
2704653,,,,
2955235,,,,
2782674,,,,
2884832,,,,
2898793,,,,
469660,Thalassomonas phage BA3,469660,Thalassomonas phage BA3,Viruses
2560683,Pseudomonas virus SM1,2560683,Pseudomonas virus SM1,Viruses
2991051,,,,
762660,Acinetobacter phage Ac42,762660,Acinetobacter phage Ac42,Viruses
279383,Alphaproteobacteria virus phiJl001,279383,Alphaproteobacteria virus phiJl001,Viruses
2951804,,,,
2843959,,,,
2530023,Pseudomonas phage Psa21,2530023,Pseudomonas phage Psa21,Viruses
2822844,,,,
2961595,,,,
161494,Antheraea pernyi nucleopolyhedrovirus,161494,Antheraea pernyi nucleopolyhedrovirus,Viruses
2956470,,,,
2866627,,,,
1886606,Callistephus mottle virus,1886606,Callistephus mottle virus,Viruses
1223565,Rhizobium sp. Pop5,1223565,Rhizobium sp. Pop5,Bacteria
112023,Streptococcus virus 7201,112023,Streptococcus virus 7201,Viruses
1911006,Salmonella virus SP31,1911006,Salmonella virus SP31,Viruses
2929481,,,,
1982588,Edwardsiella virus KF1,1982588,Edwardsiella virus KF1,Viruses
2830993,,,,
1750527,Roseomonas sp. S08,1750527,Roseomonas sp. S08,Bacteria
2872158,,,,
2932254,,,,
1985336,Enterobacter virus Eap3,1985336,Enterobacter virus Eap3,Viruses
1652028,Brachybacterium huguangmaarense,1652028,Brachybacterium huguangmaarense,Bacteria
2880932,,,,
566270,Spodoptera litura nucleopolyhedrovirus II,566270,Spodoptera litura nucleopolyhedrovirus II,Viruses
2904242,,,,
1701090,Gordonia hongkongensis,1701090,Gordonia hongkongensis,Bacteria
2906072,,,,
2845441,,,,
2940300,,,,
2829596,,,,
2079134,Dishui lake phycodnavirus 1,2079134,Dishui lake phycodnavirus 1,Viruses
2830842,,,,
2909671,,,,
2820270,,,,
2898076,,,,
1954378,Escherichia virus HK578,1954378,Escherichia virus HK578,Viruses
2913615,,,,
2843993,,,,
1982092,Mycobacterium virus Marvin,1982092,Mycobacterium virus Marvin,Viruses
2956122,,,,
1177752,Cordyline virus 3,1177752,Cordyline virus 3,Viruses
2953750,,,,
627624,Nocardioides panacisoli,627624,Nocardioides panacisoli,Bacteria
2864212,,,,
2843640,,,,
2023057,Orpheovirus IHUMI-LCC2,2023057,Orpheovirus IHUMI-LCC2,Viruses
1524881,Enterobacteria phage Sf101,1524881,Enterobacteria phage Sf101,Viruses
2884022,,,,
273371,Candida orthopsilosis,273371,Candida orthopsilosis,Eukaryota
191302,Devosia neptuniae,191302,Devosia neptuniae,Bacteria
235201,Lactobacillus virus phiJL1,235201,Lactobacillus virus phiJL1,Viruses
2979331,,,,
2820002,,,,
2732034,Salmonella virus STG2,2732034,Salmonella virus STG2,Viruses
2955563,,,,
2846400,,,,
519497,Southern rice black-streaked dwarf virus,519497,Southern rice black-streaked dwarf virus,Viruses
2956352,,,,
33914,Saccharopolyspora gregorii,33914,Saccharopolyspora gregorii,Bacteria
1211644,Caulobacter virus Swift,1211644,Caulobacter virus Swift,Viruses
2806347,,,,
2560642,Perigonia lusca nucleopolyhedrovirus,2560642,Perigonia lusca nucleopolyhedrovirus,Viruses
2954012,,,,
2878098,,,,
644007,Streptococcus phage PH10,644007,Streptococcus phage PH10,Viruses
2933872,,,,
2652803,endosymbiont of Plagiopylea sp.,2652803,endosymbiont of Plagiopylea sp.,Bacteria
2932250,,,,
10376,Human gammaherpesvirus 4,10376,Human gammaherpesvirus 4,Viruses
2912855,,,,
185588,Ruegeria sp. PR1b,185588,Ruegeria sp. PR1b,Bacteria
393598,Aeromonas virus phiO18P,393598,Aeromonas virus phiO18P,Viruses
2992843,,,,
1984778,Erwinia virus Ea35-70,1984778,Erwinia virus Ea35-70,Viruses
1982567,Arthrobacter virus Tank,1982567,Arthrobacter virus Tank,Viruses
2954016,,,,
2942204,,,,
2844218,,,,
2734237,Gordonia virus GodonK,2734237,Gordonia virus GodonK,Viruses
2560792,Streptomyces virus Scap1,2560792,Streptomyces virus Scap1,Viruses
2851648,,,,
2986824,,,,
2778876,,,,
2083300,Diolcogaster facetosa bracovirus,2083300,Diolcogaster facetosa bracovirus,Viruses
2560700,Ralstonia virus RP12,2560700,Ralstonia virus RP12,Viruses
2734051,Lactobacillus virus Lpa804,2734051,Lactobacillus virus Lpa804,Viruses
2955341,,,,
2782006,,,,
2691580,Prevotella sp. Rep29,2691580,Prevotella sp. Rep29,Bacteria
710648,Acinetobacter sp. Tol 5,710648,Acinetobacter sp. Tol 5,Bacteria
437329,Burkholderia phage BcepGomr,437329,Burkholderia phage BcepGomr,Viruses
2898433,,,,
2844247,,,,
1972625,Parry Creek hapavirus,1972625,Parry Creek hapavirus,Viruses
2734244,Eggerthella virus PMBT5,2734244,Eggerthella virus PMBT5,Viruses
2979464,,,,
2968475,,,,
2927876,,,,
2986827,,,,
2917832,,,,
51364,Mycoplasma cottewii,51364,Mycoplasma cottewii,Bacteria
129726,Pseudocowpox virus,129726,Pseudocowpox virus,Viruses
2989770,,,,
338645,Candidatus Contubernalis alkalaceticum,338645,Candidatus Contubernalis alkalaceticum,Bacteria
99585,Frangipani mosaic virus,99585,Frangipani mosaic virus,Viruses
2782662,,,,
2844207,,,,
2734150,Faecalibacterium virus Toutatis,2734150,Faecalibacterium virus Toutatis,Viruses
2586965,,,,
2904252,,,,
2986919,,,,
2956026,,,,
1513213,Lepidopteran iteradensovirus 4,1513213,Lepidopteran iteradensovirus 4,Viruses
2560286,Agrobacterium virus Atuph07,2560286,Agrobacterium virus Atuph07,Viruses
2973088,,,,
2886359,,,,
5661,Leishmania donovani,5661,Leishmania donovani,Eukaryota
2801029,,,,
2922859,,,,
1177211,Candidatus Vallotia cooleyia,1177211,Candidatus Vallotia cooleyia,Bacteria
2749808,,,,
555319,Rhizobium sp. T136,555319,Rhizobium sp. T136,Bacteria
1346829,Peridroma alphabaculovirus,1346829,Peridroma alphabaculovirus,Viruses
2884834,,,,
2905879,,,,
2884876,,,,
1006972,Campylobacter virus IBB35,1006972,Campylobacter virus IBB35,Viruses
2843645,,,,
2955739,,,,
2898795,,,,
2908840,,,,
2883107,,,,
9606,Homo sapiens,9606,Homo sapiens,Eukaryota
4909,Pichia kudriavzevii,4909,Pichia kudriavzevii,Eukaryota
693997,Alphacoronavirus 1,693997,Alphacoronavirus 1,Viruses
2560541,Klebsiella virus K64-1,2560541,Klebsiella virus K64-1,Viruses
2986835,,,,
2986838,,,,
2734144,Agrobacterium virus 7-7-1,2734144,Agrobacterium virus 7-7-1,Viruses
2039234,Halobacterium litoreum,2039234,Halobacterium litoreum,Archaea
4956,Zygosaccharomyces rouxii,4956,Zygosaccharomyces rouxii,Eukaryota
2896848,,,,
2937524,,,,
2810563,,,,
2897413,,,,
76259,Ferribacterium limneticum,76259,Ferribacterium limneticum,Bacteria
27350,Puccinia striiformis,27350,Puccinia striiformis,Eukaryota
2759528,Chryseobacterium sp. DH-B6,2759528,Chryseobacterium sp. DH-B6,Bacteria
2756133,,,,
2956426,,,,
2929800,,,,
2902624,,,,
2560485,Gordonia virus BetterKatz,2560485,Gordonia virus BetterKatz,Viruses
45285,Eremothecium cymbalariae,45285,Eremothecium cymbalariae,Eukaryota
2955511,,,,
2954054,,,,
2560330,Bacillus virus Evoli,2560330,Bacillus virus Evoli,Viruses
2831673,,,,
2892541,,,,
2049890,Haloarcula virus HCIV1,2049890,Haloarcula virus HCIV1,Viruses
2843772,,,,
418827,Yambean mosaic virus,418827,Yambean mosaic virus,Viruses
2929803,,,,
2955343,,,,
2976127,,,,
2953738,,,,
2945589,,,,
2879617,,,,
2928472,,,,
2859768,,,,
1229325,Niminivirus,1229325,Niminivirus,Viruses
2778902,,,,
1345117,Candidatus Annandia pinicola,1345117,Candidatus Annandia pinicola,Bacteria
2844300,,,,
2833628,,,,
2734109,Escherichia virus Goslar,2734109,Escherichia virus Goslar,Viruses
251540,Candidatus Blochmannia vicinus,251540,Candidatus Blochmannia vicinus,Bacteria
93465,Avian endogenous retrovirus EAV-HP,93465,Avian endogenous retrovirus EAV-HP,Viruses
2911539,,,,
137816,Nodularia sphaerocarpa,137816,Nodularia sphaerocarpa,Bacteria
10506,Paramecium bursaria Chlorella virus 1,10506,Paramecium bursaria Chlorella virus 1,Viruses
399176,Sphingomonas sp. R1,399176,Sphingomonas sp. R1,Bacteria
2734095,Synechococcus virus Bellamy,2734095,Synechococcus virus Bellamy,Viruses
2989816,,,,
2894082,,,,
2864213,,,,
150286,Anguillid herpesvirus 1,150286,Anguillid herpesvirus 1,Viruses
2859226,,,,
2883127,,,,
2831894,,,,
5811,Toxoplasma gondii,5811,Toxoplasma gondii,Eukaryota
2060973,Purpureocillium takamizusanense,2060973,Purpureocillium takamizusanense,Eukaryota
72638,Streptococcus virus Sfi19,72638,Streptococcus virus Sfi19,Viruses
2935861,,,,
2895473,,,,
2169924,Escherichia virus HK633,2169924,Escherichia virus HK633,Viruses
1109711,Nocardia phage NBR1,1109711,Nocardia phage NBR1,Viruses
120682,Treponema sp. OMZ 803,120682,Treponema sp. OMZ 803,Bacteria
2686364,Klebsiella sp. PCX,2686364,Klebsiella sp. PCX,Bacteria
2871694,,,,
2035708,Cherax quadricarinatus iridovirus,2035708,Cherax quadricarinatus iridovirus,Viruses
1985703,Lettuce yellow mottle cytorhabdovirus,1985703,Lettuce yellow mottle cytorhabdovirus,Viruses
2922858,,,,
2972784,,,,
2975157,,,,
2918527,,,,
1748242,Spongiibacter taiwanensis,1748242,Spongiibacter taiwanensis,Bacteria
1720498,Escherichia phage slur05,1720498,Escherichia phage slur05,Viruses
2665156,Candidatus Saccharibacteria bacterium JR1,2665156,Candidatus Saccharibacteria bacterium JR1,Bacteria
1572712,Geobacillus virus E3,1572712,Geobacillus virus E3,Viruses
121627,Talaromyces rugulosus,121627,Talaromyces rugulosus,Eukaryota
2932259,,,,
375919,Wolbachia endosymbiont of Drosophila pseudotakahashii,375919,Wolbachia endosymbiont of Drosophila pseudotakahashii,Bacteria
2834459,,,,
1985718,Acinetobacter virus AB3,1985718,Acinetobacter virus AB3,Viruses
2953746,,,,
2789739,,,,
1647476,Tsukamurella phage TPA4,1647476,Tsukamurella phage TPA4,Viruses
2560456,Escherichia virus WG01,2560456,Escherichia virus WG01,Viruses
2560444,Escherichia virus GEC3S,2560444,Escherichia virus GEC3S,Viruses
424188,Streptomyces deccanensis,424188,Streptomyces deccanensis,Bacteria
2956580,,,,
456999,Rhizoctonia solani,456999,Rhizoctonia solani,Eukaryota
1732178,Sulfolobus monocaudavirus SMV4,1732178,Sulfolobus monocaudavirus SMV4,Viruses
2955995,,,,
1527770,Rhizobium phage vB_RleM_P10VF,1527770,Rhizobium phage vB_RleM_P10VF,Viruses
2483673,Gordonia phage Octobien14,2483673,Gordonia phage Octobien14,Viruses
2821559,,,,
2880008,,,,
2560545,Klebsiella virus RaK2,2560545,Klebsiella virus RaK2,Viruses
2831148,,,,
2169882,Erwinia virus Asesino,2169882,Erwinia virus Asesino,Viruses
2898431,,,,
2876939,,,,
2961531,,,,
2770786,,,,
2955704,,,,
2859228,,,,
2170049,Ranunculus white mottle ophiovirus,2170049,Ranunculus white mottle ophiovirus,Viruses
2734259,Escherichia virus EC2,2734259,Escherichia virus EC2,Viruses
2913619,,,,
2819102,,,,
2976824,,,,
2865837,,,,
2806443,,,,
2956125,,,,
2986930,,,,
2956099,,,,
2885078,,,,
2734116,Synechococcus virus SSKS1,2734116,Synechococcus virus SSKS1,Viruses
2937801,,,,
162425,Aspergillus nidulans,162425,Aspergillus nidulans,Eukaryota
2854796,,,,
2793010,,,,
1908341,Polaribacter litorisediminis,1908341,Polaribacter litorisediminis,Bacteria
2884482,,,,
2822847,,,,
2912631,,,,
2906062,,,,
1173297,Halocynthia phage JM-2012,1173297,Halocynthia phage JM-2012,Viruses
2955232,,,,
2892442,,,,
5865,Babesia bovis,5865,Babesia bovis,Eukaryota
1955558,Noumeavirus,1955558,Noumeavirus,Viruses
1449896,Uncultured phage WW-nAnB strain 2,1449896,Uncultured phage WW-nAnB strain 2,Viruses
2956223,,,,
2829812,,,,
2259335,,,,
2905121,,,,
2954040,,,,
2849865,,,,
5861,Plasmodium yoelii,5861,Plasmodium yoelii,Eukaryota
2806609,,,,
2898581,,,,
1923717,Wuhan insect virus 13,1923717,Wuhan insect virus 13,Viruses
2924032,,,,
2898,Cryptomonas paramecium,2898,Cryptomonas paramecium,Eukaryota
2861799,,,,
2734292,Microbacterium virus Zeta1847,2734292,Microbacterium virus Zeta1847,Viruses
2560406,Delftia virus PhiW14,2560406,Delftia virus PhiW14,Viruses
2855502,,,,
2968490,,,,
1895333,Sulfolobus islandicus rudivirus 3,1895333,Sulfolobus islandicus rudivirus 3,Viruses
1306526,Paenibacillus sp. HWE-109,1306526,Paenibacillus sp. HWE-109,Bacteria
2770788,,,,
2268449,,,,
1675689,Aeromonas sp. Ne-1,1675689,Aeromonas sp. Ne-1,Bacteria
2843629,,,,
2857058,,,,
2509384,Spider shaspivirus,2509384,Spider shaspivirus,Viruses
1774216,Nocardioides rotundus,1774216,Nocardioides rotundus,Bacteria
10753,Bacillus phage Nf,10753,Bacillus phage Nf,Viruses
292461,Mycoplasma iguanae,292461,Mycoplasma iguanae,Bacteria
2956042,,,,
647221,Plasmodium gaboni,647221,Plasmodium gaboni,Eukaryota
673376,Clostridium phage phiCP26F,673376,Clostridium phage phiCP26F,Viruses
2836368,,,,
2925318,,,,
2907343,,,,
2923362,,,,
5270,Ustilago maydis,5270,Ustilago maydis,Eukaryota
1605721,Pandoravirus inopinatum,1605721,Pandoravirus inopinatum,Viruses
2844193,,,,
1910935,Bacillus virus Agate,1910935,Bacillus virus Agate,Viruses
1922998,Hubei odonate virus 3,1922998,Hubei odonate virus 3,Viruses
39640,Cotesia congregata bracovirus,39640,Cotesia congregata bracovirus,Viruses
1922875,Hubei diptera virus 14,1922875,Hubei diptera virus 14,Viruses
2745119,Hemipteran scindoambidensovirus 1,2745119,Hemipteran scindoambidensovirus 1,Viruses
2900738,,,,
2886040,,,,
208973,Choristoneura fumiferana multiple nucleopolyhedrovirus,208973,Choristoneura fumiferana multiple nucleopolyhedrovirus,Viruses
2812896,,,,
2864201,,,,
170325,Canid alphaherpesvirus 1,170325,Canid alphaherpesvirus 1,Viruses
1982078,Arthrobacter virus DrRobert,1982078,Arthrobacter virus DrRobert,Viruses
2734053,Staphylococcus virus SscM1,2734053,Staphylococcus virus SscM1,Viruses
5059,Aspergillus flavus,5059,Aspergillus flavus,Eukaryota
2901380,,,,
2925845,,,,
2884455,,,,
2875777,,,,
2954014,,,,
1983719,Bacillus shivajii,1983719,Bacillus shivajii,Bacteria
1302376,Candidatus Pseudomonas adelgestsugas,1302376,Candidatus Pseudomonas adelgestsugas,Bacteria
2016064,Leptolyngbya sp. PKUAC-SCTB231,2016064,Leptolyngbya sp. PKUAC-SCTB231,Bacteria
2986834,,,,
56947,Choristoneura fumiferana granulovirus,56947,Choristoneura fumiferana granulovirus,Viruses
1002689,Occallatibacter riparius,1002689,Occallatibacter riparius,Bacteria
208013,Agrotis ipsilon multiple nucleopolyhedrovirus,208013,Agrotis ipsilon multiple nucleopolyhedrovirus,Viruses
2072024,Mocis latipes granulovirus,2072024,Mocis latipes granulovirus,Viruses
2883238,,,,
2734240,,,,
1328770,Vibrio cortegadensis,1328770,Vibrio cortegadensis,Bacteria
1160784,Candidatus Nasuia deltocephalinicola,1160784,Candidatus Nasuia deltocephalinicola,Bacteria
2867011,,,,
1245890,Escherichia virus JL1,1245890,Escherichia virus JL1,Viruses
374422,Streptomyces virus TG1,374422,Streptomyces virus TG1,Viruses
2953980,,,,
32603,Human betaherpesvirus 6A,32603,Human betaherpesvirus 6A,Viruses
2892996,,,,
1746061,Shayang fly virus 4,1746061,Shayang fly virus 4,Viruses
2884874,,,,
2913616,,,,
2955712,,,,
2956035,,,,
2871493,,,,
4924,Scheffersomyces stipitis,4924,Scheffersomyces stipitis,Eukaryota
1985341,Citrobacter virus Merlin,1985341,Citrobacter virus Merlin,Viruses
475937,Rhodopseudomonas boonkerdii,475937,Rhodopseudomonas boonkerdii,Bacteria
2779361,,,,
2879107,,,,
2879621,,,,
2986424,,,,
2955727,,,,
1286698,Crassaminicella profunda,1286698,Crassaminicella profunda,Bacteria
221402,Bisgaard Taxon 40,221402,Bisgaard Taxon 40,Bacteria
1548602,Nesterenkonia pannonica,1548602,Nesterenkonia pannonica,Bacteria
1076626,Candidatus Steffania adelgidicola,1076626,Candidatus Steffania adelgidicola,Bacteria
2956661,,,,
2862869,,,,
2734375,Muir barhavirus,2734375,Muir barhavirus,Viruses
2866211,,,,
2849642,,,,
2806348,,,,
2961599,,,,
933845,Bathycoccus sp. RCC1105 virus BpV,933845,Bathycoccus sp. RCC1105 virus BpV,Viruses
2975482,,,,
1711685,Atractylodes mild mottle virus,1711685,Atractylodes mild mottle virus,Viruses
2175149,Halobaculum roseum,2175149,Halobaculum roseum,Archaea
1904881,Macroptilium common mosaic virus,1904881,Macroptilium common mosaic virus,Viruses
2856523,,,,
2843630,,,,
2875962,,,,
1921713,Bacillus virus Stills,1921713,Bacillus virus Stills,Viruses
1922217,Candidatus Erwinia haradaeae,1922217,Candidatus Erwinia haradaeae,Bacteria
2853257,,,,
1028420,Psychrobacter sp. DAB_AL62B,1028420,Psychrobacter sp. DAB_AL62B,Bacteria
42260,Zygotorulaspora mrakii,42260,Zygotorulaspora mrakii,Eukaryota
671077,Caldinitratiruptor microaerophilus,671077,Caldinitratiruptor microaerophilus,Bacteria
2955384,,,,
2865832,,,,
2976431,,,,
768738,Elephant endotheliotropic herpesvirus 5,768738,Elephant endotheliotropic herpesvirus 5,Viruses
2843695,,,,
2956047,,,,
2824673,,,,
2955741,,,,
2509616,Homarus gammarus nudivirus,2509616,Homarus gammarus nudivirus,Viruses
2875948,,,,
69221,Pectobacterium cacticida,69221,Pectobacterium cacticida,Bacteria
2733618,Pseudomonas virus 17A,2733618,Pseudomonas virus 17A,Viruses
2759692,Streptococcus sp. Marseille-Q3533,2759692,Streptococcus sp. Marseille-Q3533,Bacteria
2986837,,,,
1985180,Bacillus virus JBP901,1985180,Bacillus virus JBP901,Viruses
2955574,,,,
2871170,,,,
2169814,Hubei chipolycivirus,2169814,Hubei chipolycivirus,Viruses
2705472,,,,
2904243,,,,
2979869,,,,
2930219,,,,
1436084,Streptomyces sp. F12,1436084,Streptomyces sp. F12,Bacteria
1980925,Ralstonia virus RSL2,1980925,Ralstonia virus RSL2,Viruses
2956321,,,,
2937774,,,,
2823905,,,,
1751100,Flavobacterium sp. GENT11,1751100,Flavobacterium sp. GENT11,Bacteria
317660,Streptomyces sp. F2,317660,Streptomyces sp. F2,Bacteria
2982531,,,,
2935040,,,,
161675,Tamana bat virus,161675,Tamana bat virus,Viruses
1449897,Uncultured phage WW-nAnB strain 3,1449897,Uncultured phage WW-nAnB strain 3,Viruses
2862870,,,,
86173,Microbulbifer elongatus,86173,Microbulbifer elongatus,Bacteria
1923121,Hubei picorna-like virus 40,1923121,Hubei picorna-like virus 40,Viruses
2841283,,,,
2916802,,,,
1978543,Kumasi ledantevirus,1978543,Kumasi ledantevirus,Viruses
2899133,,,,
2955861,,,,
2560567,Macacine betaherpesvirus 8,2560567,Macacine betaherpesvirus 8,Viruses
42374,Candida dubliniensis,42374,Candida dubliniensis,Eukaryota
2734436,Alenquer phlebovirus,2734436,Alenquer phlebovirus,Viruses
1521117,Corallococcus sp. EGB,1521117,Corallococcus sp. EGB,Bacteria
2955972,,,,
2883236,,,,
1541170,Sphingomonas morindae,1541170,Sphingomonas morindae,Bacteria
12178,Cymbidium mosaic virus,12178,Cymbidium mosaic virus,Viruses
2872157,,,,
1923703,Wuhan heteroptera virus 3,1923703,Wuhan heteroptera virus 3,Viruses
2919499,,,,
10497,African swine fever virus,10497,African swine fever virus,Viruses
1692254,Lytechinus variegatus variable sea urchin associated circular virus,1692254,Lytechinus variegatus variable sea urchin associated circular virus,Viruses
2955351,,,,
2944234,,,,
2986830,,,,
344163,Microbacterium terricola,344163,Microbacterium terricola,Bacteria
2955228,,,,
5868,Babesia microti,5868,Babesia microti,Eukaryota
58094,Choristoneura rosaceana nucleopolyhedrovirus,58094,Choristoneura rosaceana nucleopolyhedrovirus,Viruses
40559,Botrytis cinerea,40559,Botrytis cinerea,Eukaryota
1982918,Mycobacterium virus Pipefish,1982918,Mycobacterium virus Pipefish,Viruses
2843649,,,,
2953752,,,,
2955344,,,,
11983,Norwalk virus,11983,Norwalk virus,Viruses
2565531,Psychrobacter sp. PraFG1,2565531,Psychrobacter sp. PraFG1,Bacteria
2878915,,,,
1985339,Klebsiella virus Matisse,1985339,Klebsiella virus Matisse,Viruses
2955548,,,,
2956146,,,,
562716,Pseudoalteromonas sp. CF6-2,562716,Pseudoalteromonas sp. CF6-2,Bacteria
2844204,,,,
1921548,Burkholderia virus KL1,1921548,Burkholderia virus KL1,Viruses
1751095,Flavobacterium sp. GENT5,1751095,Flavobacterium sp. GENT5,Bacteria
2942908,,,,
1981162,Escherichia virus Min27,1981162,Escherichia virus Min27,Viruses
2904523,,,,
2964606,,,,
2560332,Bacillus virus Mater,2560332,Bacillus virus Mater,Viruses
2802577,,,,
5850,Plasmodium knowlesi,5850,Plasmodium knowlesi,Eukaryota
99179,Bacteroides phage B40-8,99179,Bacteroides phage B40-8,Viruses
552509,Leptopilina boulardi filamentous virus,552509,Leptopilina boulardi filamentous virus,Viruses
2986829,,,,
2734263,Gordonia virus BrutonGaster,2734263,Gordonia virus BrutonGaster,Viruses
2020716,Paenibacillus konkukensis,2020716,Paenibacillus konkukensis,Bacteria
10664,Enterobacteria phage T2,10664,Enterobacteria phage T2,Viruses
405041,Streptomyces sp. HK1,405041,Streptomyces sp. HK1,Bacteria
715179,Paenibacillus sp. sptzw28,715179,Paenibacillus sp. sptzw28,Bacteria
2908650,,,,
2560676,Pseudomonas virus PMW,2560676,Pseudomonas virus PMW,Viruses
2908646,,,,
2898580,,,,
2845962,,,,
1981167,Escherichia virus 191,1981167,Escherichia virus 191,Viruses
2843721,,,,
2918528,,,,
296544,Sphingomonas bisphenolicum,296544,Sphingomonas bisphenolicum,Bacteria
92758,Mycoplasma fastidiosum,92758,Mycoplasma fastidiosum,Bacteria
2991054,,,,
2884220,,,,
2865840,,,,
2845170,,,,
925984,Erwinia phage phiEt88,925984,Erwinia phage phiEt88,Viruses
2877527,,,,
2895476,,,,
524884,Saccharopolyspora rosea,524884,Saccharopolyspora rosea,Bacteria
659012,Agromyces soli,659012,Agromyces soli,Bacteria
2735528,Agrobacterium sp. B7.6,2735528,Agrobacterium sp. B7.6,Bacteria
464988,Hemiselmis andersenii,464988,Hemiselmis andersenii,Eukaryota
2775080,,,,
224402,Halococcus qingdaonensis,224402,Halococcus qingdaonensis,Archaea
5872,Theileria equi,5872,Theileria equi,Eukaryota
28321,Amsacta moorei entomopoxvirus,28321,Amsacta moorei entomopoxvirus,Viruses
2594495,,,,
2025349,,,,
2734153,Erwinia virus Wellington,2734153,Erwinia virus Wellington,Viruses
2897773,,,,
2923279,,,,
1920,Streptomyces nigrescens,1920,Streptomyces nigrescens,Bacteria
101028,Fusarium pseudograminearum,101028,Fusarium pseudograminearum,Eukaryota
2599805,Bradyrhizobium sp. SG09,2599805,Bradyrhizobium sp. SG09,Bacteria
2961575,,,,
4950,Torulaspora delbrueckii,4950,Torulaspora delbrueckii,Eukaryota
2734097,Prochlorococcus virus Syn33,2734097,Prochlorococcus virus Syn33,Viruses
2826993,,,,
2720029,Enterobacter sp. DNB-S2,2720029,Enterobacter sp. DNB-S2,Bacteria
2860258,,,,
2613334,,,,
2864040,,,,
2845126,,,,
2653189,Chroococcidiopsis sp. CCNUC1,2653189,Chroococcidiopsis sp. CCNUC1,Bacteria
2933797,,,,
36363,Lymphocystis disease virus 1,36363,Lymphocystis disease virus 1,Viruses
2560307,Arthrobacteria virus Molivia,2560307,Arthrobacteria virus Molivia,Viruses
2560261,Acidovorax virus ACP17,2560261,Acidovorax virus ACP17,Viruses
1150991,Sphingomonas phage PAU,1150991,Sphingomonas phage PAU,Viruses
28304,Murid betaherpesvirus 2,28304,Murid betaherpesvirus 2,Viruses
2775403,,,,
4932,Saccharomyces cerevisiae,4932,Saccharomyces cerevisiae,Eukaryota
2795216,,,,
2038343,Jatrophihabitans telluris,2038343,Jatrophihabitans telluris,Bacteria
2501942,Gerrid arlivirus,2501942,Gerrid arlivirus,Viruses
260149,Aeromonas virus 65,260149,Aeromonas virus 65,Viruses
2904253,,,,
339420,Blackberry chlorotic ringspot virus,339420,Blackberry chlorotic ringspot virus,Viruses
2895485,,,,
2964610,,,,
45406,Escherichia virus RB32,45406,Escherichia virus RB32,Viruses
10276,Swinepox virus,10276,Swinepox virus,Viruses
1229164,Sphingomicrobium flavum,1229164,Sphingomicrobium flavum,Bacteria
230871,Streptococcus virus C1,230871,Streptococcus virus C1,Viruses
2896845,,,,
2917727,,,,
2615214,,,,
747457,Pseudoalteromonas sp. SANK 73390,747457,Pseudoalteromonas sp. SANK 73390,Bacteria
2072642,Paenibacillus sp. PK3_47,2072642,Paenibacillus sp. PK3_47,Bacteria
10326,Equid alphaherpesvirus 1,10326,Equid alphaherpesvirus 1,Viruses
2779363,,,,
4959,Debaryomyces hansenii,4959,Debaryomyces hansenii,Eukaryota
1512278,Aglaonema bacilliform virus,1512278,Aglaonema bacilliform virus,Viruses
2704655,,,,
2734235,Colwellia virus 9A,2734235,Colwellia virus 9A,Viruses
2560531,Isaria javanica chrysovirus,2560531,Isaria javanica chrysovirus,Viruses
2829499,,,,
2871688,,,,
11788,Abelson murine leukemia virus,11788,Abelson murine leukemia virus,Viruses
2810535,,,,
1076255,Yokapox virus,1076255,Yokapox virus,Viruses
129951,Human mastadenovirus C,129951,Human mastadenovirus C,Viruses
1982089,Arthrobacter virus Circum,1982089,Arthrobacter virus Circum,Viruses
27291,Saccharomyces paradoxus,27291,Saccharomyces paradoxus,Eukaryota
2651199,Arthrobacter sp. CDRTa11,2651199,Arthrobacter sp. CDRTa11,Bacteria
2963432,,,,
2933563,,,,
2867021,,,,
2967301,,,,
44088,Canarypox virus,44088,Canarypox virus,Viruses
2869544,,,,
346881,Acidianus filamentous virus 3,346881,Acidianus filamentous virus 3,Viruses
2916816,,,,
2705473,,,,
2560344,Bean necrotic mosaic orthotospovirus,2560344,Bean necrotic mosaic orthotospovirus,Viruses
331278,Yersinia phage phiR1-37,331278,Yersinia phage phiR1-37,Viruses
1985342,Citrobacter virus Moon,1985342,Citrobacter virus Moon,Viruses
2857059,,,,
44689,Dictyostelium discoideum,44689,Dictyostelium discoideum,Eukaryota
5875,Theileria parva,5875,Theileria parva,Eukaryota
2860051,,,,
2908837,,,,
1129264,Sphaerochaeta associata,1129264,Sphaerochaeta associata,Bacteria
2920386,,,,
2935858,,,,
2734188,Escherichia virus Skarpretter,2734188,Escherichia virus Skarpretter,Viruses
1090133,Enterobacteria phage IME10,1090133,Enterobacteria phage IME10,Viruses
2734106,Prochlorococcus virus MED4-213,2734106,Prochlorococcus virus MED4-213,Viruses
2734192,Caulobacter virus CcrBL9,2734192,Caulobacter virus CcrBL9,Viruses
465797,Acinetobacter septicus,465797,Acinetobacter septicus,Bacteria
2929490,,,,
39444,Cotia virus,39444,Cotia virus,Viruses
2823904,,,,
354328,Bell pepper alphaendornavirus,354328,Bell pepper alphaendornavirus,Viruses
2956204,,,,
262175,Plodia interpunctella granulovirus,262175,Plodia interpunctella granulovirus,Viruses
2883205,,,,
2955423,,,,
1826170,Tokyovirus A1,1826170,Tokyovirus A1,Viruses
2987701,,,,
2861284,,,,
1608255,Suid betaherpesvirus 2,1608255,Suid betaherpesvirus 2,Viruses
2961520,,,,
2083176,Oxyplax ochracea nucleopolyhedrovirus,2083176,Oxyplax ochracea nucleopolyhedrovirus,Viruses
2886044,,,,
2907623,,,,
2980108,,,,
1357714,Caulobacter phage Cr30,1357714,Caulobacter phage Cr30,Viruses
1080349,Saccharomyces eubayanus,1080349,Saccharomyces eubayanus,Eukaryota
2901142,,,,
2893890,,,,
575378,Sediminibacterium sp. TEGAF015,575378,Sediminibacterium sp. TEGAF015,Bacteria
2419844,Xanthobacter sp. YC-JY1,2419844,Xanthobacter sp. YC-JY1,Bacteria
2745558,,,,
481315,Leporid alphaherpesvirus 4,481315,Leporid alphaherpesvirus 4,Viruses
2986524,,,,
2733350,Pseudomonas virus Ab05,2733350,Pseudomonas virus Ab05,Viruses
2895480,,,,
2895472,,,,
2967302,,,,
2845137,,,,
2867022,,,,
2929795,,,,
5741,Giardia intestinalis,5741,Giardia intestinalis,Eukaryota
2992242,,,,
1255301,Tunisvirus,1255301,Tunisvirus,Viruses
1914020,Vibrio virus nt1,1914020,Vibrio virus nt1,Viruses
55884,Enterobacteria phage SfV,55884,Enterobacteria phage SfV,Viruses
1437009,Chenggangzhangella methanolivorans,1437009,Chenggangzhangella methanolivorans,Bacteria
984207,Sphaerospermopsis torques-reginae,984207,Sphaerospermopsis torques-reginae,Bacteria
2867233,,,,
2844671,,,,
2733636,Escherichia virus EcoDS1,2733636,Escherichia virus EcoDS1,Viruses
1513235,Cafeteria roenbergensis virus,1513235,Cafeteria roenbergensis virus,Viruses
2845179,,,,
2974039,,,,
2482763,Sphingopyxis sp. YF1,2482763,Sphingopyxis sp. YF1,Bacteria
447897,Mythimna unipuncta nucleopolyhedrovirus,447897,Mythimna unipuncta nucleopolyhedrovirus,Viruses
2907154,,,,
1987921,Candidatus Profftia lariciata,1987921,Candidatus Profftia lariciata,Bacteria
2819101,,,,
336486,Turkeypox virus,336486,Turkeypox virus,Viruses
2872309,,,,
155894,Chroococcidiopsis sp. CCMEE 29,155894,Chroococcidiopsis sp. CCMEE 29,Bacteria
2875764,,,,
2955345,,,,
2924033,,,,
1883371,Erwinia phage vB_EamM_ChrisDB,1883371,Erwinia phage vB_EamM_ChrisDB,Viruses
10455,Spodoptera frugiperda multiple nucleopolyhedrovirus,10455,Spodoptera frugiperda multiple nucleopolyhedrovirus,Viruses
2956030,,,,
1183239,Salisaeta icosahedral phage 1,1183239,Salisaeta icosahedral phage 1,Viruses
2949995,,,,
107324,Tobacco vein clearing virus,107324,Tobacco vein clearing virus,Viruses
2830782,,,,
2963127,,,,
1985340,Klebsiella virus Miro,1985340,Klebsiella virus Miro,Viruses
1871076,Flavobacterium sp. IGB 4-14,1871076,Flavobacterium sp. IGB 4-14,Bacteria
2954023,,,,
204269,Great Island virus,204269,Great Island virus,Viruses
39420,Feldmannia species virus,39420,Feldmannia species virus,Viruses
1993630,Adoxophyes honmai entomopoxvirus,1993630,Adoxophyes honmai entomopoxvirus,Viruses
2861800,,,,
126734,Methanofollis aquaemaris,126734,Methanofollis aquaemaris,Archaea
2560431,Enterococcus virus phiSHEF4,2560431,Enterococcus virus phiSHEF4,Viruses
2819099,,,,
2871826,,,,
2953987,,,,
2895491,,,,
1220207,Aspergillus puulaauensis,1220207,Aspergillus puulaauensis,Eukaryota
2956179,,,,
1234881,Dragonfly associated cyclovirus 3,1234881,Dragonfly associated cyclovirus 3,Viruses
2886360,,,,
2972479,,,,
1416334,Lactobacillus phage phi jlb1,1416334,Lactobacillus phage phi jlb1,Viruses
2845649,,,,
2025360,NY_014 poxvirus,2025360,NY_014 poxvirus,Viruses
1922549,Beihai picorna-like virus 120,1922549,Beihai picorna-like virus 120,Viruses
2734007,Shigella virus Sd1,2734007,Shigella virus Sd1,Viruses
2925838,,,,
68886,Theileria orientalis,68886,Theileria orientalis,Eukaryota
2956211,,,,
2170200,Spider monkey simian foamy virus,2170200,Spider monkey simian foamy virus,Viruses
2773709,,,,
2925411,,,,
2963406,,,,
1643512,Treponema sp. OMZ 855,1643512,Treponema sp. OMZ 855,Bacteria
1980466,Dabieshan orthohantavirus,1980466,Dabieshan orthohantavirus,Viruses
2961571,,,,
2583805,,,,
2992441,,,,
2975049,,,,
1933180,Anopheles A orthobunyavirus,1933180,Anopheles A orthobunyavirus,Viruses
2936507,,,,
1941234,Thrips-associated genomovirus 2,1941234,Thrips-associated genomovirus 2,Viruses
27973,Encephalitozoon hellem,27973,Encephalitozoon hellem,Eukaryota
2493633,Pseudomonas hydrolytica,2493633,Pseudomonas hydrolytica,Bacteria
2782678,,,,
2923375,,,,
2908839,,,,
2866573,,,,
2913620,,,,
2949093,,,,
507763,Halomonas sp. MS1,507763,Halomonas sp. MS1,Bacteria
223182,Halobacterium noricense,223182,Halobacterium noricense,Archaea
2801030,,,,
2845437,,,,
2704413,Lymphocystis disease virus 4,2704413,Lymphocystis disease virus 4,Viruses
2925841,,,,
27289,Naumovozyma dairenensis,27289,Naumovozyma dairenensis,Eukaryota
2857060,,,,
2929515,,,,
2932247,,,,
2851598,,,,
2898441,,,,
2992243,,,,
2962672,,,,
2956283,,,,
1561005,,,,
135742,Paracoccus methylutens,135742,Paracoccus methylutens,Bacteria
1824638,Vibrio japonicus,1824638,Vibrio japonicus,Bacteria
2844141,,,,
2912630,,,,
5007,Brettanomyces bruxellensis,5007,Brettanomyces bruxellensis,Eukaryota
2925843,,,,
2749995,,,,
2925830,,,,
2862331,,,,
1312364,Brevundimonas albigilva,1312364,Brevundimonas albigilva,Bacteria
148305,Pyricularia grisea,148305,Pyricularia grisea,Eukaryota
2898725,,,,
2982692,,,,
2867236,,,,
10245,Vaccinia virus,10245,Vaccinia virus,Viruses
2813371,,,,
114883,Mycoplasma equigenitalium,114883,Mycoplasma equigenitalium,Bacteria
2734088,Synechococcus virus STIM5,2734088,Synechococcus virus STIM5,Viruses
2830995,,,,
129728,Parapoxvirus of red deer in New Zealand,129728,Parapoxvirus of red deer in New Zealand,Viruses
2878390,,,,
2969431,,,,
1675866,Urbanus proteus nucleopolyhedrovirus,1675866,Urbanus proteus nucleopolyhedrovirus,Viruses
2954056,,,,
2560783,Strepomyces virus Drgrey,2560783,Strepomyces virus Drgrey,Viruses
2866381,,,,
2955510,,,,
1981164,Escherichia virus Stx2 II,1981164,Escherichia virus Stx2 II,Viruses
2212563,CrAssphage sp.,2212563,CrAssphage sp.,Viruses
2835869,,,,
2861750,,,,
1546257,Tipula oleracea nudivirus,1546257,Tipula oleracea nudivirus,Viruses
573241,Wolbachia endosymbiont of Oryzaephilus surinamensis,573241,Wolbachia endosymbiont of Oryzaephilus surinamensis,Bacteria
2859227,,,,
5860,Plasmodium vinckei,5860,Plasmodium vinckei,Eukaryota
2807096,,,,
2904122,,,,
2855836,,,,
2871174,,,,
2985571,,,,
2955761,,,,
176652,Invertebrate iridescent virus 6,176652,Invertebrate iridescent virus 6,Viruses
1918008,Bacillus virus Spock,1918008,Bacillus virus Spock,Viruses
2956052,,,,
2993314,,,,
2867014,,,,
2749432,,,,
2930198,,,,
2937442,,,,
1580580,Agrotis segetum nucleopolyhedrovirus B,1580580,Agrotis segetum nucleopolyhedrovirus B,Viruses
145971,Colletotrichum lupini,145971,Colletotrichum lupini,Eukaryota
463192,Desulfovibrio tunisiensis,463192,Desulfovibrio tunisiensis,Bacteria
2772557,,,,
261939,Ostreid herpesvirus 1,261939,Ostreid herpesvirus 1,Viruses
28985,Kluyveromyces lactis,28985,Kluyveromyces lactis,Eukaryota
2901869,,,,
114186,Candidatus Carsonella ruddii,114186,Candidatus Carsonella ruddii,Bacteria
1301280,Invertebrate iridovirus 25,1301280,Invertebrate iridovirus 25,Viruses
2895565,,,,
2956637,,,,
345198,Invertebrate iridescent virus 22,345198,Invertebrate iridescent virus 22,Viruses
1702097,Saccharolobus caldissimus,1702097,Saccharolobus caldissimus,Archaea
2841528,,,,
1586713,Yellowstone lake phycodnavirus 1,1586713,Yellowstone lake phycodnavirus 1,Viruses
2886045,,,,
240426,Squirrelpox virus,240426,Squirrelpox virus,Viruses
2895494,,,,
2734134,Synechococcus virus Syn19,2734134,Synechococcus virus Syn19,Viruses
2782659,,,,
2831891,,,,
2796927,,,,
2976823,,,,
2884263,,,,
1542730,Frateuria sp. 5GH9-11,1542730,Frateuria sp. 5GH9-11,Bacteria
1980926,Ralstonia virus RSF1,1980926,Ralstonia virus RSF1,Viruses
2932248,,,,
2608402,Cellulomonas sp. EW123,2608402,Cellulomonas sp. EW123,Bacteria
1344094,Pseudomonas sp. HN11,1344094,Pseudomonas sp. HN11,Bacteria
2898483,,,,
2866588,,,,
1813779,Salmonella phage 103203_sal5,1813779,Salmonella phage 103203_sal5,Viruses
35241,Lactococcus phage Tuc2009,35241,Lactococcus phage Tuc2009,Viruses
2955965,,,,
2897332,,,,
563172,Ferruginibacter lapsinanis,563172,Ferruginibacter lapsinanis,Bacteria
1586232,Halovarius luteus,1586232,Halovarius luteus,Archaea
112227,Cactus virus X,112227,Cactus virus X,Viruses
2918526,,,,
2864210,,,,
2560845,Xingshan alphanemrhavirus,2560845,Xingshan alphanemrhavirus,Viruses
2976533,,,,
5866,Babesia bigemina,5866,Babesia bigemina,Eukaryota
2738410,,,,
2955687,,,,
1805956,Bacillus phage Zuko,1805956,Bacillus phage Zuko,Viruses
170617,Adoxophyes orana granulovirus,170617,Adoxophyes orana granulovirus,Viruses
2911527,,,,
2932244,,,,
2969672,,,,
2962676,,,,
2876190,,,,
1016855,Banana streak UI virus,1016855,Banana streak UI virus,Viruses
552525,Bacillus virus IEBH,552525,Bacillus virus IEBH,Viruses
2866715,,,,
2886046,,,,
2955969,,,,
2950245,,,,
5827,Plasmodium cynomolgi,5827,Plasmodium cynomolgi,Eukaryota
320432,Chrysodeixis chalcites nucleopolyhedrovirus,320432,Chrysodeixis chalcites nucleopolyhedrovirus,Viruses
1609634,Eel River basin pequenovirus,1609634,Eel River basin pequenovirus,Viruses
2972478,,,,
2871095,,,,
1431460,Hunnivirus A,1431460,Hunnivirus A,Viruses
2864207,,,,
2560544,Klebsiella virus PMBT1,2560544,Klebsiella virus PMBT1,Viruses
1982288,Propionibacterium virus PHL116M00,1982288,Propionibacterium virus PHL116M00,Viruses
2845934,,,,
2845654,,,,
2981137,,,,
1933309,Oropouche orthobunyavirus,1933309,Oropouche orthobunyavirus,Viruses
2560652,Providencia virus PR1,2560652,Providencia virus PR1,Viruses
2860336,,,,
985782,Moumouvirus,985782,Moumouvirus,Viruses
2954066,,,,
2922857,,,,
179637,Halococcus dombrowskii,179637,Halococcus dombrowskii,Archaea
2991496,,,,
5664,Leishmania major,5664,Leishmania major,Eukaryota
2597515,Bradyrhizobium sp. SEMIA,2597515,Bradyrhizobium sp. SEMIA,Bacteria
1234872,Dragonfly circularisvirus,1234872,Dragonfly circularisvirus,Viruses
2107709,Pandoravirus quercus,2107709,Pandoravirus quercus,Viruses
2916754,,,,
5821,Plasmodium berghei,5821,Plasmodium berghei,Eukaryota
2929492,,,,
36835,[Clostridium] colinum,36835,[Clostridium] colinum,Bacteria
2876713,,,,
2856823,,,,
5825,Plasmodium chabaudi,5825,Plasmodium chabaudi,Eukaryota
2867026,,,,
2819619,,,,
2880933,,,,
2887345,,,,
318829,Pyricularia oryzae,318829,Pyricularia oryzae,Eukaryota
1746070,Wuhan cricket virus,1746070,Wuhan cricket virus,Viruses
2986831,,,,
1656159,Coxiella endosymbiont of Dermacentor marginatus,1656159,Coxiella endosymbiont of Dermacentor marginatus,Bacteria
2881056,,,,
2896849,,,,
2968084,,,,
2831966,,,,
1965074,Fathead minnow nidovirus 1,1965074,Fathead minnow nidovirus 1,Viruses
2982691,,,,
2956300,,,,
2853159,,,,
2175329,Yam chlorotic necrosis virus,2175329,Yam chlorotic necrosis virus,Viruses
100217,Epizootic haematopoietic necrosis virus,100217,Epizootic haematopoietic necrosis virus,Viruses
2879622,,,,
2919322,,,,
2906475,,,,
10386,Gallid alphaherpesvirus 1,10386,Gallid alphaherpesvirus 1,Viruses
2674997,Tellurirhabdus rosea,2674997,Tellurirhabdus rosea,Bacteria
2943192,,,,
285013,Sulfolobus virus STSV1,285013,Sulfolobus virus STSV1,Viruses
2560554,Listeria virus LMSP25,2560554,Listeria virus LMSP25,Viruses
2846064,,,,
5854,Plasmodium reichenowi,5854,Plasmodium reichenowi,Eukaryota
2836373,,,,
1042133,Fusarium musae,1042133,Fusarium musae,Eukaryota
1933291,Madrid orthobunyavirus,1933291,Madrid orthobunyavirus,Viruses
929832,Cyanophage P-RSM6,929832,Cyanophage P-RSM6,Viruses
2815361,,,,
2956343,,,,
2480175,Elicom virus 1,2480175,Elicom virus 1,Viruses
2930213,,,,
345199,Invertebrate iridescent virus 31,345199,Invertebrate iridescent virus 31,Viruses
2897334,,,,
1084719,Bacillus virus G,1084719,Bacillus virus G,Viruses
2560570,Macacine gammaherpesvirus 11,2560570,Macacine gammaherpesvirus 11,Viruses
2880934,,,,
2975052,,,,
2830983,,,,
2845153,,,,
2907534,,,,
5874,Theileria annulata,5874,Theileria annulata,Eukaryota
2963128,,,,
2955907,,,,
2930049,,,,
2843767,,,,
2948573,,,,
2956440,,,,
2750812,,,,
2956039,,,,
2906456,,,,
2956034,,,,
2867013,,,,
2955560,,,,
2738983,,,,
108080,Candidatus Blochmannia herculeanus,108080,Candidatus Blochmannia herculeanus,Bacteria
2961598,,,,
2202721,Zhouia spongiae,2202721,Zhouia spongiae,Bacteria
1983750,Mycobacterium virus Bongo,1983750,Mycobacterium virus Bongo,Viruses
2699396,,,,
2955555,,,,
2878152,,,,
2956691,,,,
2782641,,,,
1051631,Streptococcus phage YMC-2011,1051631,Streptococcus phage YMC-2011,Viruses
1005962,Ogataea parapolymorpha,1005962,Ogataea parapolymorpha,Eukaryota
2893885,,,,
1483681,Tortoise rafivirus A,1483681,Tortoise rafivirus A,Viruses
2845189,,,,
5691,Trypanosoma brucei,5691,Trypanosoma brucei,Eukaryota
47989,Dactylosporangium roseum,47989,Dactylosporangium roseum,Bacteria
2845079,,,,
1980959,Escherichia virus JSE,1980959,Escherichia virus JSE,Viruses
2961619,,,,
2843653,,,,
45286,Eremothecium sinecaudum,45286,Eremothecium sinecaudum,Eukaryota
2962671,,,,
2560358,Brochothrix virus A9,2560358,Brochothrix virus A9,Viruses
2956092,,,,
1510225,Halovenus salina,1510225,Halovenus salina,Archaea
83442,Paramecium bursaria Chlorella virus NYs1,83442,Paramecium bursaria Chlorella virus NYs1,Viruses
10401,Ictalurid herpesvirus 1,10401,Ictalurid herpesvirus 1,Viruses
2560440,Escherichia virus Av05,2560440,Escherichia virus Av05,Viruses
2976822,,,,
2912675,,,,
2976237,,,,
1567011,Clostridium phage phiCT19406C,1567011,Clostridium phage phiCT19406C,Viruses
2916633,,,,
2845127,,,,
1985175,Bacillus virus Bc431,1985175,Bacillus virus Bc431,Viruses
2908651,,,,
2837956,,,,
2734080,Dickeya virus AD1,2734080,Dickeya virus AD1,Viruses
2924034,,,,
2932245,,,,
2861775,,,,
4896,Schizosaccharomyces pombe,4896,Schizosaccharomyces pombe,Eukaryota
2849039,,,,
220622,Sulfurospirillum sp. JPD-1,220622,Sulfurospirillum sp. JPD-1,Bacteria
2904247,,,,
69781,Penicillium oxalicum,69781,Penicillium oxalicum,Eukaryota
2875706,,,,
2937800,,,,
5858,Plasmodium malariae,5858,Plasmodium malariae,Eukaryota
2560778,Sphingobium virus Lacusarx,2560778,Sphingobium virus Lacusarx,Viruses
2989818,,,,
5671,Leishmania infantum,5671,Leishmania infantum,Eukaryota
2733331,Pseudomonas virus Nerthus,2733331,Pseudomonas virus Nerthus,Viruses
1225128,Sediminicoccus rosea,1225128,Sediminicoccus rosea,Bacteria
2861281,,,,
2987751,,,,
2912628,,,,
2914041,,,,
1921565,Proteus sp. CD3,1921565,Proteus sp. CD3,Bacteria
2734079,Synechococcus virus SShM2,2734079,Synechococcus virus SShM2,Viruses
48254,Torulaspora globosa,48254,Torulaspora globosa,Eukaryota
55529,Guillardia theta,55529,Guillardia theta,Eukaryota
2866628,,,,
430451,Sinorhizobium sp. M14,430451,Sinorhizobium sp. M14,Bacteria
1750535,Fructilactobacillus ixorae,1750535,Fructilactobacillus ixorae,Bacteria
1922529,Beihai picorna-like virus 101,1922529,Beihai picorna-like virus 101,Viruses
2944252,,,,
2846052,,,,
2775404,,,,
2819096,,,,
182096,Aspergillus chevalieri,182096,Aspergillus chevalieri,Eukaryota
2953749,,,,
1585246,Diachasmimorpha longicaudata rhabdovirus,1585246,Diachasmimorpha longicaudata rhabdovirus,Viruses
2954008,,,,
2170181,Dioscorea mosaic associated virus,2170181,Dioscorea mosaic associated virus,Viruses
1921187,Bacillus virus Pascal,1921187,Bacillus virus Pascal,Viruses
979525,Vibrio phage ICP1,979525,Vibrio phage ICP1,Viruses
929835,Vibrio phage pYD38-B,929835,Vibrio phage pYD38-B,Viruses
2867020,,,,
460519,Komagataella phaffii,460519,Komagataella phaffii,Eukaryota
2844109,,,,
2963105,,,,
2955358,,,,
2923272,,,,
2742683,,,,
2883169,,,,
2782213,,,,
2908842,,,,
2956463,,,,
2979461,,,,
2764705,,,,
1921706,Yersinia virus TG1,1921706,Yersinia virus TG1,Viruses
1161906,Weissella phage phiYS61,1161906,Weissella phage phiYS61,Viruses
2897342,,,,
2955552,,,,
682410,Streptomyces sp. W9,682410,Streptomyces sp. W9,Bacteria
2169867,Deltapapillomavirus 7,2169867,Deltapapillomavirus 7,Viruses
2956255,,,,
2844119,,,,
2956206,,,,
1327937,Mycobacterium phage Phaux,1327937,Mycobacterium phage Phaux,Viruses
2605730,Streptomyces sp. BSE6.1,2605730,Streptomyces sp. BSE6.1,Bacteria
2843621,,,,
521689,Thiocapsa bogorovii,521689,Thiocapsa bogorovii,Bacteria
2955735,,,,
2734275,Salmonella virus Sasha,2734275,Salmonella virus Sasha,Viruses
2956784,,,,
2560727,Salmonella virus Melville,2560727,Salmonella virus Melville,Viruses
2734146,Faecalibacterium virus Taranis,2734146,Faecalibacterium virus Taranis,Viruses
755175,Shewanella seohaensis,755175,Shewanella seohaensis,Bacteria
2877941,,,,
2945587,,,,
2983842,,,,
2866807,,,,
2733945,Pelagivirus S35C6,2733945,Pelagivirus S35C6,Viruses
2956586,,,,
2831895,,,,
2756107,,,,
2845109,,,,
2919578,,,,
2895559,,,,
2282849,,,,
10397,Tupaiid betaherpesvirus 1,10397,Tupaiid betaherpesvirus 1,Viruses
2955578,,,,
46021,Paramecium bursaria Chlorella virus NY2A,46021,Paramecium bursaria Chlorella virus NY2A,Viruses
2956315,,,,
2865673,,,,
180230,Cyprinid herpesvirus 3,180230,Cyprinid herpesvirus 3,Viruses
577492,Mycolicibacter paraterrae,577492,Mycolicibacter paraterrae,Bacteria
2846436,,,,
2749935,,,,
1364945,Salinirubellus salinus,1364945,Salinirubellus salinus,Archaea
2933779,,,,
2563664,,,,
10266,Sheeppox virus,10266,Sheeppox virus,Viruses
2758563,,,,
2923088,,,,
2872648,,,,
2893883,,,,
376175,Schlegelella aquatica,376175,Schlegelella aquatica,Bacteria
1883202,Escherichia phage Gluttony,1883202,Escherichia phage Gluttony,Viruses
2884875,,,,
90410,Streptococcus virus DT1,90410,Streptococcus virus DT1,Viruses
1914855,Escherichia virus FV3,1914855,Escherichia virus FV3,Viruses
1234143,Endozoicomonas euniceicola,1234143,Endozoicomonas euniceicola,Bacteria
5499,Passalora fulva,5499,Passalora fulva,Eukaryota
1959930,Bat sapovirus,1959930,Bat sapovirus,Viruses
1179815,Sulfitobacter sp. DFL14,1179815,Sulfitobacter sp. DFL14,Bacteria
2955383,,,,
2879119,,,,
2964609,,,,
2879116,,,,
2895483,,,,
2955750,,,,
2951806,,,,
2981136,,,,
2829569,,,,
2955982,,,,
117187,Fusarium verticillioides,117187,Fusarium verticillioides,Eukaryota
1349409,Pandoravirus dulcis,1349409,Pandoravirus dulcis,Viruses
2961994,,,,
2936682,,,,
1862145,Nisaea acidiphila,1862145,Nisaea acidiphila,Bacteria
2841037,,,,
2918765,,,,
2560757,Shigella virus Sf14,2560757,Shigella virus Sf14,Viruses
1032242,Campylobacter sp. RM10537,1032242,Campylobacter sp. RM10537,Bacteria
2733603,Klebsiella virus KpV48,2733603,Klebsiella virus KpV48,Viruses
2956444,,,,
2929157,,,,
2909673,,,,
2560335,Bacillus virus SIOphi,2560335,Bacillus virus SIOphi,Viruses
2916755,,,,
2698683,,,,
2956650,,,,
2994078,,,,
880535,Plasmodium sp. gorilla clade G2,880535,Plasmodium sp. gorilla clade G2,Eukaryota
2869552,,,,
2961574,,,,
573658,Candidatus Hodgkinia cicadicola,573658,Candidatus Hodgkinia cicadicola,Bacteria
2829597,,,,
1115696,Thermococcus prieurii virus 1,1115696,Thermococcus prieurii virus 1,Viruses
1085624,Persicobacter sp. JZB09,1085624,Persicobacter sp. JZB09,Bacteria
2930532,,,,
2913412,,,,
2906798,,,,
373067,Staphylococcus sp. 693-2,373067,Staphylococcus sp. 693-2,Bacteria
1720526,Golden Marseillevirus,1720526,Golden Marseillevirus,Viruses
1859492,Kaumoebavirus,1859492,Kaumoebavirus,Viruses
280754,Pochonia chlamydosporia,280754,Pochonia chlamydosporia,Eukaryota
2913617,,,,
2864209,,,,
2845481,,,,
2986833,,,,
1980541,Insect inshuvirus,1980541,Insect inshuvirus,Viruses
2966453,,,,
2843634,,,,
2931975,,,,
1008152,Haladaptatus pallidirubidus,1008152,Haladaptatus pallidirubidus,Archaea
2907624,,,,
42906,Serratia entomophila,42906,Serratia entomophila,Bacteria
704125,Clostridium sp. C5S11,704125,Clostridium sp. C5S11,Bacteria
2851650,,,,
2886932,,,,
2734206,Lactobacillus virus Nyseid,2734206,Lactobacillus virus Nyseid,Viruses
2969621,,,,
2956131,,,,
2956076,,,,
1487865,Halovivax cerinus,1487865,Halovivax cerinus,Archaea
1985326,Klebsiella virus JD18,1985326,Klebsiella virus JD18,Viruses
2932249,,,,
113366,Heliothis virescens ascovirus 3a,113366,Heliothis virescens ascovirus 3a,Viruses
2956063,,,,
2560592,Microbacterium virus ISF9,2560592,Microbacterium virus ISF9,Viruses
2871820,,,,
2797313,,,,
2956711,,,,
28169,Vibrio pelagius,28169,Vibrio pelagius,Bacteria
2972761,,,,
1923230,Hubei sobemo-like virus 42,1923230,Hubei sobemo-like virus 42,Viruses
1923617,Wenzhou picorna-like virus 31,1923617,Wenzhou picorna-like virus 31,Viruses
2917790,,,,
130309,Human mastadenovirus F,130309,Human mastadenovirus F,Viruses
1586712,Yellowstone lake mimivirus,1586712,Yellowstone lake mimivirus,Viruses
2560506,Gordonia virus Nyceirae,2560506,Gordonia virus Nyceirae,Viruses
2931977,,,,
388459,Mycolicibacterium crocinum,388459,Mycolicibacterium crocinum,Bacteria
1923327,Hubei virga-like virus 12,1923327,Hubei virga-like virus 12,Viruses
2991053,,,,
2844675,,,,
359919,Spodoptera litura granulovirus,359919,Spodoptera litura granulovirus,Viruses
211595,Enterobacter sp. RFL1396,211595,Enterobacter sp. RFL1396,Bacteria
2560631,Pectobacterium virus My1,2560631,Pectobacterium virus My1,Viruses
1636182,Sinorhizobium phage phiM9,1636182,Sinorhizobium phage phiM9,Viruses
2560689,Pseudomonas virus pf16,2560689,Pseudomonas virus pf16,Viruses
5518,Fusarium graminearum,5518,Fusarium graminearum,Eukaryota
2867231,,,,
1918193,Cellulophaga virus Cba121,1918193,Cellulophaga virus Cba121,Viruses
2304516,Culex-associated Tombus-like virus,2304516,Culex-associated Tombus-like virus,Viruses
2733982,,,,
931101,Cardinium endosymbiont of Oedothorax gibbosus,931101,Cardinium endosymbiont of Oedothorax gibbosus,Bacteria
35269,Woodchuck hepatitis virus,35269,Woodchuck hepatitis virus,Viruses
2969620,,,,
2873296,,,,
2734572,Western kangaroopox virus,2734572,Western kangaroopox virus,Viruses
2908843,,,,
251538,Candidatus Blochmannia ocreatus,251538,Candidatus Blochmannia ocreatus,Bacteria
2891570,,,,
2904245,,,,
2860286,,,,
2902623,,,,
2838850,,,,
796027,Sugiyamaella lignohabitans,796027,Sugiyamaella lignohabitans,Eukaryota
10334,Felid alphaherpesvirus 1,10334,Felid alphaherpesvirus 1,Viruses
2846180,,,,
1982358,Pseudomonas virus PaMx74,1982358,Pseudomonas virus PaMx74,Viruses
2560706,Rhodococcus virus Weasel,2560706,Rhodococcus virus Weasel,Viruses
1932927,Mimivirus-dependent virus Sputnik,1932927,Mimivirus-dependent virus Sputnik,Viruses
2955998,,,,
2740837,,,,
2950108,,,,
2734096,Faecalibacterium virus Brigit,2734096,Faecalibacterium virus Brigit,Viruses
2791037,,,,
571949,Encephalitozoon romaleae,571949,Encephalitozoon romaleae,Eukaryota
931099,Rickettsia endosymbiont of Oedothorax gibbosus,931099,Rickettsia endosymbiont of Oedothorax gibbosus,Bacteria
2986828,,,,
2819999,,,,
2893886,,,,
45661,Banana bract mosaic virus,45661,Banana bract mosaic virus,Viruses
2970925,,,,
2996004,,,,
2950074,,,,
2830997,,,,
2917715,,,,
319947,Streptomyces durmitorensis,319947,Streptomyces durmitorensis,Bacteria
2872311,,,,
2734278,Caulobacter virus Seuss,2734278,Caulobacter virus Seuss,Viruses
2937786,,,,
1821559,Gordonia phage Obliviate,1821559,Gordonia phage Obliviate,Viruses
2905871,,,,
2169990,Erwinia virus Machina,2169990,Erwinia virus Machina,Viruses
2964616,,,,
2963434,,,,
2844103,,,,
1891728,Human polyomavirus 13,1891728,Human polyomavirus 13,Viruses
413066,Streptococcus phage SMP,413066,Streptococcus phage SMP,Viruses
2943498,,,,
2860337,,,,
2802975,,,,
2867010,,,,
1985712,Acinetobacter virus Fri1,1985712,Acinetobacter virus Fri1,Viruses
2908211,,,,
2981134,,,,
2972485,,,,
1349410,Pandoravirus salinus,1349410,Pandoravirus salinus,Viruses
657335,Rahnella sp. WMR114,657335,Rahnella sp. WMR114,Bacteria
2953978,,,,
2560464,Escherichia virus Golestan,2560464,Escherichia virus Golestan,Viruses
5141,Neurospora crassa,5141,Neurospora crassa,Eukaryota
2815720,,,,
2933816,,,,
2813727,,,,
2937787,,,,
2955550,,,,
2955710,,,,
2734117,Salmonella virus ZCSE2,2734117,Salmonella virus ZCSE2,Viruses
2892440,,,,
2918516,,,,
2976983,,,,
12282,Tobacco ringspot virus,12282,Tobacco ringspot virus,Viruses
2835041,,,,
2913995,,,,
2953881,,,,
35345,Lactococcus phage TP901-1,35345,Lactococcus phage TP901-1,Viruses
1763998,Rheinheimera sp. F8,1763998,Rheinheimera sp. F8,Bacteria
2843722,,,,
446374,Vibrio artabrorum,446374,Vibrio artabrorum,Bacteria
2509385,Strider striwavirus,2509385,Strider striwavirus,Viruses
1472912,Nitrincola phage 1M3-16,1472912,Nitrincola phage 1M3-16,Viruses
1922246,Staphylococcus virus Sextaec,1922246,Staphylococcus virus Sextaec,Viruses
1527536,Mycobacterium phage Trike,1527536,Mycobacterium phage Trike,Viruses
2987689,,,,
2940302,,,,
2810348,,,,
2955765,,,,
2871487,,,,
1954380,Sodalis virus SO1,1954380,Sodalis virus SO1,Viruses
2943497,,,,
2734120,,,,
2681265,,,,
188763,Panine betaherpesvirus 2,188763,Panine betaherpesvirus 2,Viruses
2931390,,,,
2895495,,,,
2865833,,,,
2704654,,,,
2560725,Salmonella virus BPS17W1,2560725,Salmonella virus BPS17W1,Viruses
1914019,Vibrio virus KVP40,1914019,Vibrio virus KVP40,Viruses
747522,Dolichospermum heterosporum,747522,Dolichospermum heterosporum,Bacteria
2866382,,,,
1069201,Aspergillus luchuensis,1069201,Aspergillus luchuensis,Eukaryota
2760705,,,,
2845149,,,,
2770772,,,,
398049,Mucilaginibacter daejeonensis,398049,Mucilaginibacter daejeonensis,Bacteria
2955862,,,,
2734430,Norway ixovirus,2734430,Norway ixovirus,Viruses
10256,Raccoonpox virus,10256,Raccoonpox virus,Viruses
1329402,Eptesipox virus,1329402,Eptesipox virus,Viruses
2898151,,,,
2953982,,,,
1701404,Gokushovirinae GAIR4,1701404,Gokushovirinae GAIR4,Viruses
2823043,,,,
2956240,,,,
2798804,,,,
110163,Thermococcus aggregans,110163,Thermococcus aggregans,Archaea
490711,Orgyia leucostigma nucleopolyhedrovirus,490711,Orgyia leucostigma nucleopolyhedrovirus,Viruses
65068,Peach rosette mosaic virus,65068,Peach rosette mosaic virus,Viruses
2872646,,,,
1751056,Flavobacterium sp. SHINM13,1751056,Flavobacterium sp. SHINM13,Bacteria
2831896,,,,
1562066,Norway rat pestivirus,1562066,Norway rat pestivirus,Viruses
28873,Camelpox virus,28873,Camelpox virus,Viruses
2955598,,,,
2852117,,,,
2865839,,,,
2961941,,,,
2984842,,,,
2782655,,,,
1703340,Croceicoccus sp. Ery5,1703340,Croceicoccus sp. Ery5,Bacteria
2831000,,,,
2956798,,,,
163604,Nocardiopsis exhalans,163604,Nocardiopsis exhalans,Bacteria
2733580,Lelliottia virus phD2B,2733580,Lelliottia virus phD2B,Viruses
2560785,Streptomyces virus Bing,2560785,Streptomyces virus Bing,Viruses
2560423,Enterococcus virus EFLK1,2560423,Enterococcus virus EFLK1,Viruses
2775496,,,,
1282863,Uruburuella testudinis,1282863,Uruburuella testudinis,Bacteria
2956797,,,,
47985,Grapevine leafroll-associated virus 1,47985,Grapevine leafroll-associated virus 1,Viruses
2582914,Alcaligenes sp. HO-1,2582914,Alcaligenes sp. HO-1,Bacteria
10454,Spodoptera exigua multiple nucleopolyhedrovirus,10454,Spodoptera exigua multiple nucleopolyhedrovirus,Viruses
2734105,Faecalibacterium virus Epona,2734105,Faecalibacterium virus Epona,Viruses
1660063,Campylobacter sp. RM16187,1660063,Campylobacter sp. RM16187,Bacteria
2867005,,,,
2915130,,,,
2875539,,,,
2862509,,,,
2733988,Salmonella virus NR01,2733988,Salmonella virus NR01,Viruses
2755559,,,,
1705399,Hymenobacter monticola,1705399,Hymenobacter monticola,Bacteria
2861782,,,,
2870860,,,,
11864,Avian leukosis virus,11864,Avian leukosis virus,Viruses
2870840,,,,
646413,Streptococcus phage 5093,646413,Streptococcus phage 5093,Viruses
2733999,Aeromonas virus AhSzw1,2733999,Aeromonas virus AhSzw1,Viruses
2761539,Vibrio virus 2019VC1,2761539,Vibrio virus 2019VC1,Viruses
2870750,,,,
2869549,,,,
1980923,Ralstonia virus RSL1,1980923,Ralstonia virus RSL1,Viruses
2984951,,,,
2962858,,,,
2878545,,,,
2801834,,,,
2847045,,,,
2592049,Pontibacter sp. XAAS-72,2592049,Pontibacter sp. XAAS-72,Bacteria
381899,Paramecium bursaria Chlorella virus A1,381899,Paramecium bursaria Chlorella virus A1,Viruses
2907205,,,,
2734248,Faecalibacterium virus Lugh,2734248,Faecalibacterium virus Lugh,Viruses
2955579,,,,
1982903,Mycobacterium virus Reprobate,1982903,Mycobacterium virus Reprobate,Viruses
2903901,,,,
2949993,,,,
1548417,Pigeon aviadenovirus A,1548417,Pigeon aviadenovirus A,Viruses
2884264,,,,
2864218,,,,
2560413,Enseada orthobunyavirus,2560413,Enseada orthobunyavirus,Viruses
2846668,,,,
2929494,,,,
745774,Bacillus sp. K1,745774,Bacillus sp. K1,Bacteria
2861288,,,,
2939437,,,,
1357074,Pseudomonas sp. LS44,1357074,Pseudomonas sp. LS44,Bacteria
1128151,Mimivirus terra2,1128151,Mimivirus terra2,Viruses
2955498,,,,
1232493,Proteus sp. 3M,1232493,Proteus sp. 3M,Bacteria
2875540,,,,
2877939,,,,
35319,Tete orthobunyavirus,35319,Tete orthobunyavirus,Viruses
1207438,Chrysodeixis includens nucleopolyhedrovirus,1207438,Chrysodeixis includens nucleopolyhedrovirus,Viruses
83191,Melanoplus sanguinipes entomopoxvirus,83191,Melanoplus sanguinipes entomopoxvirus,Viruses
1985337,Klebsiella virus KP15,1985337,Klebsiella virus KP15,Viruses
2782609,,,,
2840467,,,,
2904121,,,,
2810070,,,,
1247115,Diuris virus A,1247115,Diuris virus A,Viruses
94643,Besnoitia besnoiti,94643,Besnoitia besnoiti,Eukaryota
2956467,,,,
2734112,Faecalibacterium virus Lagaffe,2734112,Faecalibacterium virus Lagaffe,Viruses
2560569,Macacine gammaherpesvirus 10,2560569,Macacine gammaherpesvirus 10,Viruses
2913618,,,,
2560269,Acinetobacter virus ME3,2560269,Acinetobacter virus ME3,Viruses
2563662,,,,
2933293,,,,
2897774,,,,
2956180,,,,
2895493,,,,
2056258,,,,
2560425,Enterococcus virus EfaCPT1,2560425,Enterococcus virus EfaCPT1,Viruses
242527,Burkholderia virus Bcep22,242527,Burkholderia virus Bcep22,Viruses
555573,Salarchaeum japonicum,555573,Salarchaeum japonicum,Archaea
2734194,Caulobacter virus CcrColossus,2734194,Caulobacter virus CcrColossus,Viruses
394733,Parasphingorhabdus litoris,394733,Parasphingorhabdus litoris,Bacteria
1980491,Sin Nombre orthohantavirus,1980491,Sin Nombre orthohantavirus,Viruses
342409,White spot syndrome virus,342409,White spot syndrome virus,Viruses
1524258,Amphritea ceti,1524258,Amphritea ceti,Bacteria
200252,Deinococcus aetherius,200252,Deinococcus aetherius,Bacteria
2930199,,,,
2843625,,,,
2934315,,,,
2956062,,,,
1857890,Staphylococcus virus Remus,1857890,Staphylococcus virus Remus,Viruses
2983606,,,,
2955553,,,,
77698,Fiji disease virus,77698,Fiji disease virus,Viruses
2955860,,,,
2955990,,,,
2831890,,,,
1985698,Lettuce big-vein associated varicosavirus,1985698,Lettuce big-vein associated varicosavirus,Viruses
555317,Phyllobacterium sp. T1293,555317,Phyllobacterium sp. T1293,Bacteria
2978473,,,,
2844165,,,,
99000,Tanapox virus,99000,Tanapox virus,Viruses
2877940,,,,
2737050,Deinococcus sp. TS-293,2737050,Deinococcus sp. TS-293,Bacteria
2956699,,,,
2955509,,,,
5660,Leishmania braziliensis,5660,Leishmania braziliensis,Eukaryota
2880221,,,,
2962047,,,,
2866278,,,,
2169688,Serratia virus IME250,2169688,Serratia virus IME250,Viruses
2745560,,,,
2961570,,,,
2746321,Pseudomonas sp. RBPA9,2746321,Pseudomonas sp. RBPA9,Bacteria
2770776,,,,
2560562,Lonomia obliqua nucleopolyhedrovirus,2560562,Lonomia obliqua nucleopolyhedrovirus,Viruses
2733956,Ralstonia virus ITL1,2733956,Ralstonia virus ITL1,Viruses
2913495,,,,
2989727,,,,
2955551,,,,
489830,Helicoverpa armigera granulovirus,489830,Helicoverpa armigera granulovirus,Viruses
2866201,,,,
1159556,Ustilaginoidea virens,1159556,Ustilaginoidea virens,Eukaryota
2861279,,,,
1985736,Xylella virus Prado,1985736,Xylella virus Prado,Viruses
2953753,,,,
2563669,,,,
2843681,,,,
2929509,,,,
2614442,Pseudomonas sp. LPB0260,2614442,Pseudomonas sp. LPB0260,Bacteria
2925782,,,,
2931400,,,,
5476,Candida albicans,5476,Candida albicans,Eukaryota
2844144,,,,
2991499,,,,
1746068,Wuhan aphid virus 2,1746068,Wuhan aphid virus 2,Viruses
1096935,Veillonella sp. OK1,1096935,Veillonella sp. OK1,Bacteria
1111710,Spodoptera exigua iflavirus 1,1111710,Spodoptera exigua iflavirus 1,Viruses
934027,Campylobacter virus NCTC12673,934027,Campylobacter virus NCTC12673,Viruses
1179664,Mythimna separata entomopoxvirus,1179664,Mythimna separata entomopoxvirus,Viruses
2734158,Erwinia virus Yoloswag,2734158,Erwinia virus Yoloswag,Viruses
2955499,,,,
2883075,,,,
377462,Malvastrum yellow mosaic virus,377462,Malvastrum yellow mosaic virus,Viruses
2956119,,,,
2733968,Votkovvirus S28C10,2733968,Votkovvirus S28C10,Viruses
2924031,,,,
322019,Acanthocystis turfacea chlorella virus 1,322019,Acanthocystis turfacea chlorella virus 1,Viruses
2656521,Klebsiella virus UPM 2146,2656521,Klebsiella virus UPM 2146,Viruses
2746225,,,,
2864205,,,,
2929510,,,,
2911172,,,,
2986929,,,,
2843794,,,,
1840265,Polaromonas sp. E3S,1840265,Polaromonas sp. E3S,Bacteria
435912,Vibrio porteresiae,435912,Vibrio porteresiae,Bacteria
2894203,,,,
2842456,,,,
2986928,,,,
2942997,,,,
2895286,,,,
2911526,,,,
2986920,,,,
2893469,,,,
2867408,,,,
2734236,Microbacterium virus OneinaGillian,2734236,Microbacterium virus OneinaGillian,Viruses
2870839,,,,
2661583,Candidatus Profftella armatura (Diaphorina cf. continua),2661583,Candidatus Profftella armatura (Diaphorina cf. continua),Bacteria
1987942,Escherichia virus SU10,1987942,Escherichia virus SU10,Viruses
2974552,,,,
58839,Encephalitozoon intestinalis,58839,Encephalitozoon intestinalis,Eukaryota
2876194,,,,
2956330,,,,
2846050,,,,
2780091,,,,
2968831,,,,
2720720,,,,
1659192,Treponema sp. OMZ 305,1659192,Treponema sp. OMZ 305,Bacteria
2932256,,,,
2956054,,,,
1003177,Vibrio phage qdvp001,1003177,Vibrio phage qdvp001,Viruses
2734205,Lactobacillus virus Lenus,2734205,Lactobacillus virus Lenus,Viruses
2712024,,,,
2895522,,,,
2989769,,,,
466051,Thermus virus P23-45,466051,Thermus virus P23-45,Viruses
2955997,,,,
2940297,,,,
2950604,,,,
2986924,,,,
96232,Legionella lytica,96232,Legionella lytica,Bacteria
936902,Micrococcus sp. MG-2010-D12,936902,Micrococcus sp. MG-2010-D12,Bacteria
2845819,,,,
880161,Micromonas sp. RCC1109 virus MpV1,880161,Micromonas sp. RCC1109 virus MpV1,Viruses
2955701,,,,
2873269,,,,
2860285,,,,
2987688,,,,
2914710,,,,
2843897,,,,
2018052,Candidatus Vallotia lariciata,2018052,Candidatus Vallotia lariciata,Bacteria
2953748,,,,
2913621,,,,
2864102,,,,
1136535,Burkholderia virus DC1,1136535,Burkholderia virus DC1,Viruses
2909339,,,,
2059380,Flamingopox virus FGPVKD09,2059380,Flamingopox virus FGPVKD09,Viruses
2822842,,,,
1933299,Watermelon bud necrosis tospovirus,1933299,Watermelon bud necrosis tospovirus,Viruses
1932881,Pacmanvirus A23,1932881,Pacmanvirus A23,Viruses
13502,Brettanomyces nanus,13502,Brettanomyces nanus,Eukaryota
5855,Plasmodium vivax,5855,Plasmodium vivax,Eukaryota
2933959,,,,
35254,Cryptophlebia leucotreta granulovirus,35254,Cryptophlebia leucotreta granulovirus,Viruses
269145,Sulfolobus turreted icosahedral virus 1,269145,Sulfolobus turreted icosahedral virus 1,Viruses
1498228,Rhizobium phage vB_RleM_PPF1,1498228,Rhizobium phage vB_RleM_PPF1,Viruses
2955989,,,,
1660078,Campylobacter sp. RM5004,1660078,Campylobacter sp. RM5004,Bacteria
1327993,Cellulophaga phage phi39:1,1327993,Cellulophaga phage phi39:1,Viruses
2955762,,,,
2961895,,,,
2853432,,,,
2866808,,,,
2931983,,,,
1404741,Tardiphaga sp. 37S4,1404741,Tardiphaga sp. 37S4,Bacteria
2956013,,,,
455364,Chrysochromulina ericina virus,455364,Chrysochromulina ericina virus,Viruses
369960,Porcine type-C oncovirus,369960,Porcine type-C oncovirus,Viruses
2893889,,,,
2961948,,,,
518898,Marinobacterium sediminicola,518898,Marinobacterium sediminicola,Bacteria
2908648,,,,
2949635,,,,
2867023,,,,
2949090,,,,
1177216,Candidatus Profftia tarda,1177216,Candidatus Profftia tarda,Bacteria
2931382,,,,
2966625,,,,
2867410,,,,
2283236,Aplysia californica nido-like virus,2283236,Aplysia californica nido-like virus,Viruses
2939414,,,,
2733597,Shigella virus Buco,2733597,Shigella virus Buco,Viruses
2853439,,,,
1574269,Polaribacter undariae,1574269,Polaribacter undariae,Bacteria
2745561,,,,
1982747,Streptomyces virus YDN12,1982747,Streptomyces virus YDN12,Viruses
2992140,,,,
2864208,,,,
2912629,,,,
648998,Penguinpox virus,648998,Penguinpox virus,Viruses
227086,Bigelowiella natans,227086,Bigelowiella natans,Eukaryota
129727,Bovine papular stomatitis virus,129727,Bovine papular stomatitis virus,Viruses
2867004,,,,
224399,Adoxophyes honmai nucleopolyhedrovirus,224399,Adoxophyes honmai nucleopolyhedrovirus,Viruses
2866570,,,,
2918755,,,,
2587410,Thermothielavioides terrestris,2587410,Thermothielavioides terrestris,Eukaryota
2955562,,,,
11786,Murine leukemia virus,11786,Murine leukemia virus,Viruses
981330,Tsukamurella phage TPA2,981330,Tsukamurella phage TPA2,Viruses
1552990,Halobacteriaceae archaeon LT55,1552990,Halobacteriaceae archaeon LT55,Archaea
2983267,,,,
2854260,,,,
2886375,,,,
2968500,,,,
2764711,,,,
2970464,,,,
2560595,Microbacterium virus Min1,2560595,Microbacterium virus Min1,Viruses
1982245,Polaribacter virus P12002L,1982245,Polaribacter virus P12002L,Viruses
2971236,,,,
2107707,Pandoravirus macleodensis,2107707,Pandoravirus macleodensis,Viruses
2785124,,,,
328615,Trichoplusia ni ascovirus 2c,328615,Trichoplusia ni ascovirus 2c,Viruses
2844120,,,,
2989772,,,,
756275,Synechococcus phage S-CBS4,756275,Synechococcus phage S-CBS4,Viruses
2906443,,,,
1521768,Bradyrhizobium sp. WD16,1521768,Bradyrhizobium sp. WD16,Bacteria
599,Salmonella sp.,599,Salmonella sp.,Bacteria
2560407,Dinoroseobacter virus D5C,2560407,Dinoroseobacter virus D5C,Viruses
2065053,Torque teno midi virus 12,2065053,Torque teno midi virus 12,Viruses
2956064,,,,
2830994,,,,
1914856,Escherichia virus FFH2,1914856,Escherichia virus FFH2,Viruses
2025333,Rosellinia necatrix partitivirus 8,2025333,Rosellinia necatrix partitivirus 8,Viruses
2282206,Bufonid herpesvirus 1,2282206,Bufonid herpesvirus 1,Viruses
1628059,Sphingomonas sp. JE1,1628059,Sphingomonas sp. JE1,Bacteria
11809,Moloney murine sarcoma virus,11809,Moloney murine sarcoma virus,Viruses
33865,Methanoplanus endosymbiosus,33865,Methanoplanus endosymbiosus,Archaea
2955329,,,,
2955958,,,,
1327935,Cronobacter phage S13,1327935,Cronobacter phage S13,Viruses
2777185,,,,
1703338,Croceicoccus sp. Ery15,1703338,Croceicoccus sp. Ery15,Bacteria
2917725,,,,
2861765,,,,
2976241,,,,
2956567,,,,
2560334,Bacillus virus Moonbeam,2560334,Bacillus virus Moonbeam,Viruses
2955536,,,,
2830990,,,,
1933275,Kaeng Khoi orthobunyavirus,1933275,Kaeng Khoi orthobunyavirus,Viruses
2841662,,,,
2949307,,,,
72750,Beet pseudoyellows virus,72750,Beet pseudoyellows virus,Viruses
2867025,,,,
2844208,,,,
304399,Mule deerpox virus,304399,Mule deerpox virus,Viruses
907046,Flavobacterium sp. B183,907046,Flavobacterium sp. B183,Bacteria
2929493,,,,
2840180,,,,
2955512,,,,
80884,Colletotrichum higginsianum,80884,Colletotrichum higginsianum,Eukaryota
1678078,Mollivirus sibericum,1678078,Mollivirus sibericum,Viruses
2917991,,,,
2920387,,,,
2850,Phaeodactylum tricornutum,2850,Phaeodactylum tricornutum,Eukaryota
2973976,,,,
1982373,Roseobacter virus RDJL1,1982373,Roseobacter virus RDJL1,Viruses
2874282,,,,
2989768,,,,
2993564,,,,
2844309,,,,
39647,Paulownia witches'-broom phytoplasma,39647,Paulownia witches'-broom phytoplasma,Bacteria
2731552,,,,
280036,Sporisorium graminicola,280036,Sporisorium graminicola,Eukaryota
59241,Streptococcus phage Dp-1,59241,Streptococcus phage Dp-1,Viruses
187764,Escherichia virus K1-5,187764,Escherichia virus K1-5,Viruses
10271,Rabbit fibroma virus,10271,Rabbit fibroma virus,Viruses
53360,Dactylosporangium matsuzakiense,53360,Dactylosporangium matsuzakiense,Bacteria
753084,Synechococcus phage S-CBS2,753084,Synechococcus phage S-CBS2,Viruses
2886505,,,,
2894081,,,,
2908637,,,,
2844237,,,,
2991075,,,,
2782176,,,,
2898796,,,,
1981027,Escherichia virus EK99P1,1981027,Escherichia virus EK99P1,Viruses
2560337,Bacillus virus Shbh1,2560337,Bacillus virus Shbh1,Viruses
2929514,,,,
1176736,Pitaya virus X,1176736,Pitaya virus X,Viruses
2878542,,,,
2923366,,,,
1047171,Zymoseptoria tritici,1047171,Zymoseptoria tritici,Eukaryota
212035,Acanthamoeba polyphaga mimivirus,212035,Acanthamoeba polyphaga mimivirus,Viruses
2971912,,,,
1560514,Melbournevirus,1560514,Melbournevirus,Viruses
2955233,,,,
2909669,,,,
2770780,,,,
1912324,Haloplanus salinarum,1912324,Haloplanus salinarum,Archaea
2955711,,,,
2956317,,,,
2861283,,,,
2051906,Exiguobacterium sp. N4-1P,2051906,Exiguobacterium sp. N4-1P,Bacteria
6035,Encephalitozoon cuniculi,6035,Encephalitozoon cuniculi,Eukaryota
2942480,,,,
1069221,Mycolicibacillus parakoreensis,1069221,Mycolicibacillus parakoreensis,Bacteria
73422,Streptococcus phage TP-J34,73422,Streptococcus phage TP-J34,Viruses
2560751,Serratia virus BF,2560751,Serratia virus BF,Viruses
332158,Larkinella insperata,332158,Larkinella insperata,Bacteria
2779362,,,,
2934937,,,,
5507,Fusarium oxysporum,5507,Fusarium oxysporum,Eukaryota
78579,Thermothelomyces thermophilus,78579,Thermothelomyces thermophilus,Eukaryota
2893884,,,,
2822137,,,,
2876193,,,,
2734369,Wheat yellow striate alphanucleorhabdovirus,2734369,Wheat yellow striate alphanucleorhabdovirus,Viruses
2953809,,,,
37769,Cryptococcus gattii VGI,37769,Cryptococcus gattii VGI,Eukaryota
2956514,,,,
2819993,,,,
2734115,Prochlorococcus virus PTIM40,2734115,Prochlorococcus virus PTIM40,Viruses
2830998,,,,
2929512,,,,
2918299,,,,
2846182,,,,
5478,[Candida] glabrata,5478,[Candida] glabrata,Eukaryota
2929495,,,,
2984530,,,,
2923364,,,,
249151,Neodiprion lecontei nucleopolyhedrovirus,249151,Neodiprion lecontei nucleopolyhedrovirus,Viruses
2845422,,,,
2831892,,,,
2925842,,,,
1923134,Hubei picorna-like virus 52,1923134,Hubei picorna-like virus 52,Viruses
2866810,,,,
2931399,,,,
2107708,Pandoravirus neocaledonia,2107708,Pandoravirus neocaledonia,Viruses
886980,Skua siadenovirus A,886980,Skua siadenovirus A,Viruses
2955549,,,,
2929802,,,,
4952,Yarrowia lipolytica,4952,Yarrowia lipolytica,Eukaryota
2560610,Myodes narmovirus,2560610,Myodes narmovirus,Viruses
2845180,,,,
2894156,,,,
107445,Pseudomonas sp. A2,107445,Pseudomonas sp. A2,Bacteria
28874,Volepox virus,28874,Volepox virus,Viruses
2885633,,,,
2897181,,,,
2845142,,,,
282263,Wolbachia endosymbiont of Drosophila innubila,282263,Wolbachia endosymbiont of Drosophila innubila,Bacteria
2895471,,,,
2747309,Glossina hytrosavirus,2747309,Glossina hytrosavirus,Viruses
2843638,,,,
2993656,,,,
2782686,,,,
2940301,,,,
2986923,,,,
2953974,,,,
2867264,,,,
2895568,,,,
317878,Cyprinid herpesvirus 2,317878,Cyprinid herpesvirus 2,Viruses
2956668,,,,
2594494,,,,
2923363,,,,
1933044,Edaphobacter flagellatus,1933044,Edaphobacter flagellatus,Bacteria
122368,Cercospora beticola,122368,Cercospora beticola,Eukaryota
2733989,Salmonella virus S131,2733989,Salmonella virus S131,Viruses
1513231,Haliotid herpesvirus 1,1513231,Haliotid herpesvirus 1,Viruses
2925844,,,,
278860,Vibrio neonatus,278860,Vibrio neonatus,Bacteria
2949614,,,,
2878680,,,,
2734222,Arthrobacter virus Bridgette,2734222,Arthrobacter virus Bridgette,Viruses
2932255,,,,
2872754,,,,
2908210,,,,
2962659,,,,
2986922,,,,
645292,Pseudomonas sp. T8,645292,Pseudomonas sp. T8,Bacteria
2932251,,,,
2886936,,,,
1105171,Bacteroides phage B124-14,1105171,Bacteroides phage B124-14,Viruses
2911538,,,,
2918171,,,,
326454,Burkholderia sp. M701,326454,Burkholderia sp. M701,Bacteria
2909587,,,,
2563668,,,,
1962300,Simian mastadenovirus C,1962300,Simian mastadenovirus C,Viruses
2956214,,,,
1283076,Pelagibacter phage HTVC008M,1283076,Pelagibacter phage HTVC008M,Viruses
2961596,,,,
2782654,,,,
2903536,,,,
1511891,Adeno-associated dependoparvovirus A,1511891,Adeno-associated dependoparvovirus A,Viruses
2006134,Mycobacterium virus Bxz1,2006134,Mycobacterium virus Bxz1,Viruses
2894755,,,,
2925837,,,,
2845837,,,,
2879618,,,,
2850561,,,,
2830667,,,,
217615,Grapevine leafroll-associated virus 7,217615,Grapevine leafroll-associated virus 7,Viruses
56646,Fusarium venenatum,56646,Fusarium venenatum,Eukaryota
36035,Saccharomycodes ludwigii,36035,Saccharomycodes ludwigii,Eukaryota
2866592,,,,
27288,Naumovozyma castellii,27288,Naumovozyma castellii,Eukaryota
2320870,Platycodon mild mottle virus,2320870,Platycodon mild mottle virus,Viruses
2895818,,,,
2895947,,,,
2963940,,,,
2929796,,,,
2920380,,,,
36050,Fusarium poae,36050,Fusarium poae,Eukaryota
5207,Cryptococcus neoformans,5207,Cryptococcus neoformans,Eukaryota
2169863,Papiine betaherpesvirus 3,2169863,Papiine betaherpesvirus 3,Viruses
67082,BeAn 58058 virus,67082,BeAn 58058 virus,Viruses
2879114,,,,
2740529,Microvirga sp. R24,2740529,Microvirga sp. R24,Bacteria
2560495,Gordonia virus GMA6,2560495,Gordonia virus GMA6,Viruses
573171,Vibrio phage douglas 12A4,573171,Vibrio phage douglas 12A4,Viruses
2782665,,,,
2874846,,,,
2845970,,,,
1985338,Klebsiella virus KP27,1985338,Klebsiella virus KP27,Viruses
2861802,,,,
2955582,,,,
2169760,Bacillus virus Wip1,2169760,Bacillus virus Wip1,Viruses
2912824,,,,
1982240,Pseudomonas virus NP1,1982240,Pseudomonas virus NP1,Viruses
2963431,,,,
2785123,,,,
2862945,,,,
2989771,,,,
97195,Heterosigma akashiwo virus 01,97195,Heterosigma akashiwo virus 01,Viruses
462710,Microbacterium binotii,462710,Microbacterium binotii,Bacteria
2931976,,,,
2917691,,,,
1922928,Hubei mosquito virus 4,1922928,Hubei mosquito virus 4,Viruses
760,Pasteurella stomatis,760,Pasteurella stomatis,Bacteria
453162,Candidatus Nitrotoga arctica,453162,Candidatus Nitrotoga arctica,Bacteria
5807,Cryptosporidium parvum,5807,Cryptosporidium parvum,Eukaryota
2846435,,,,
